Melt temperature,Mold temperature,time_to_fill,ZDx - Plasticizing time,ZUx - Cycle time,SKx - Closing force,SKs - Clamping force peak value,Ms - Torque peak value current cycle,Mm - Torque mean value current cycle,APSs - Specific back pressure peak value,APVs - Specific injection pressure peak value,CPn - Screw position at the end of hold pressure,SVo - Shot volume,quality
106.298,81.38,6.968,3.27,74.81,918.8,936.3,115.1,104.1,145.4,908.7,8.81,18.75,2.0
106.111,82.099,11.128,2.96,75.62,900.7,917.5,114.5,104.3,145.8,880.6,8.82,18.75,4.0
106.08,81.469,6.084,2.87,75.67,904.4,919.5,123.2,106.7,145.5,911.3,8.96,18.6,4.0
105.973,81.304,6.292,3.32,75.76,895.3,914.2,113.3,104.2,145.9,882.5,8.75,18.82,3.0
106.189,81.146,6.968,3.17,74.82,913.1,925.4,120.2,106.5,145.5,920.9,8.85,18.71,2.0
105.95,81.286,6.188,3.28,75.73,890.0,909.9,119.3,105.3,146.0,890.4,8.79,18.77,3.0
106.217,81.385,6.968,3.25,74.82,913.4,928.9,118.1,104.2,146.4,910.8,8.79,18.78,2.0
106.237,81.437,6.864,3.178709768779277,74.82,903.1,918.2,104.6,104.9,146.1,933.1,8.68,18.75,1.0
106.23,81.234,6.968,3.19,74.81,908.3,925.6,121.1,105.1,146.4,917.1,8.87,18.7,2.0
106.111,81.562,6.136,2.91,75.62,905.5,920.8,114.5,105.9,145.9,893.1,8.86,18.71,4.0
106.112,82.036,11.128,2.98,75.63,900.9,915.1,118.1,103.6,145.0,882.8,8.79,18.77,4.0
106.146,82.107,11.128,2.89,75.64,902.9,919.3,121.7,105.3,145.0,893.5,8.92,18.65,4.0
105.901,81.315,6.292,3.34,75.76,897.4,914.7,120.2,105.4,146.4,886.3,8.76,18.81,3.0
105.867,81.179,6.239999999999999,3.29,75.74,890.5,910.8,121.1,109.1,146.4,895.9,8.83,18.74,3.0
106.36,81.351,6.968,3.29,74.82,920.4,939.1,116.3,103.0,146.2,906.0,8.82,18.75,2.0
106.282,81.294,6.968,3.2,74.82,911.6,927.8,116.9,104.6,146.0,909.4,8.82,18.75,2.0
106.206,81.226,6.968,3.23,74.8,906.8,926.3,115.4,104.8,146.0,913.5,8.79,18.78,2.0
105.913,80.873,6.864,3.16,74.83,918.6,937.4,124.7,110.0,145.7,910.6,8.84,18.72,2.0
106.237,80.617,6.864,3.22,74.82,901.6,926.3,120.5,106.55026044612632,148.1,923.9,8.82,18.8,1.0
106.053,81.32,6.968,3.21,74.8,908.8,927.6,123.2,105.3,146.2,916.6,8.84,18.73,2.0
106.253,81.349,6.864,3.17,74.81,918.2,934.8,118.7,105.5,146.5,910.8,8.86,18.71,2.0
105.849,81.262,6.188,3.27,75.74,893.1,911.4,128.5,109.7,146.5,910.0,8.84,18.73,3.0
106.27265415576662,80.617,6.864,3.1821940496115246,74.82,879.4152868493275,895.3,127.3,104.9,146.7,882.3,8.82,18.75,1.0
105.902,81.027,6.864,3.19,74.81,903.1,919.9,116.9,106.5,147.0,926.5,8.81,18.76,1.0
105.902,81.26,6.292,3.31,75.7,890.0,909.6,115.7,106.6,145.6,888.6,8.77,18.79,3.0
105.883,81.089,6.188,3.26,75.77,889.4,911.6,126.4,111.4,146.3,893.0,8.82,18.75,3.0
106.115,81.974,10.972,2.86,75.65,901.2,916.2,119.9,107.3,145.7,901.1,8.94,18.63,4.0
106.25,81.39,6.968,3.22,74.84,916.9,936.5,113.0,101.9,147.2,919.4,8.82,18.74,2.0
105.97,81.311,6.292,3.27,75.75,891.3,910.7,122.0,110.9,146.8,896.1,8.73,18.84,3.0
105.94,81.217,6.292,3.31,75.74,890.9,911.4,114.8,105.0,145.3,890.1,8.77,18.8,3.0
105.886,81.2,6.292,3.34,75.74,895.3,913.8,118.7,105.1,145.8,892.9,8.76,18.8,3.0
105.949,81.384,6.239999999999999,3.26,75.71,896.6,914.2,116.9,105.5,146.2,902.3,8.79,18.77,2.0
106.134,81.339,6.968,3.25,74.83,911.6,925.4,109.7,102.2,147.8,915.5,8.85,18.71,2.0
106.269,81.286,7.124,3.18,74.8,887.8,904.6,121.4,106.1,145.5,920.3,8.78,18.78,2.0
106.323,80.617,6.864,3.198243094370966,74.83,919.974394237024,918.2,127.3,106.2,146.7,937.7,8.8,18.72,1.0
105.966,81.262,6.188,3.29,75.72,894.2,916.0,114.5,106.9,146.7,902.4,8.86,18.7,3.0
105.913,81.006,6.968,3.16,74.81,907.2,920.1,115.4,106.6,145.6,928.1,8.88,18.68,1.0
105.505,81.437,6.968,3.16,74.82,901.6,935.9,120.5,104.9,146.7,917.5,8.84,18.73,1.0
106.033,81.137,6.968,3.15,74.8,909.7,924.3,117.8,106.1,145.5,916.7,8.86,18.71,2.0
105.449,81.027,6.864,3.1865623092503443,74.83,879.5321324383543,935.9,120.5,106.57321920249468,147.0,917.5,8.85,18.77,1.0
106.117,81.519,6.188,2.87,75.63,902.7,919.3,120.2,107.2,145.5,909.6,8.95,18.62,4.0
106.13,82.091,11.024,2.88,75.65,900.5,917.1,118.1,106.1,145.5,905.4,8.97,18.6,4.0
105.916,81.258,6.239999999999999,3.28,75.74,891.1,915.1,118.4,106.9,147.1,903.6,8.81,18.76,3.0
106.42721380494676,81.027,6.864,3.22,74.83,885.5530686561904,935.9,120.5,106.45182287134708,145.8,926.5,8.85,18.71,1.0
106.195,81.342,6.968,3.25,74.81,909.6,929.7,124.9,105.1,146.3,912.9,8.82,18.74,2.0
106.11,81.314,6.968,3.25,74.81,907.5,925.8,114.2,103.2,145.8,905.1,8.79,18.77,2.0
106.246,81.25,6.968,3.17,74.83,914.4,927.5,116.0,106.1,145.9,931.9,8.85,18.72,2.0
106.474827319454,81.162,6.864,3.16,74.82,879.4108705141836,902.0336532778018,127.3,104.9,145.6,922.3,8.85,18.73,1.0
106.217,81.397,6.968,3.24,74.81,910.3,924.5,116.0,104.2,145.8,911.2,8.81,18.75,2.0
106.112,81.566,7.748,2.86,75.63,901.4,918.4,113.6,105.5,146.2,910.2,8.93,18.63,4.0
105.923,80.954,6.968,3.19,74.82,902.9,919.5,116.6,105.7,145.7,919.9,8.83,18.74,2.0
105.449,81.471,6.864,3.1926947498138434,74.81,886.9,896.8,118.4,106.2,146.0,882.3,8.84,18.73,1.0
105.887,81.242,6.188,3.26,75.75,890.4,910.8,121.4,106.0,146.3,885.8,8.77,18.79,3.0
105.902,81.058,6.864,3.190208611973294,74.81,908.6,918.2,120.5,106.2,147.6,920.2,8.76,18.72,1.0
106.294,81.336,6.864,3.23,74.8,909.4,927.8,115.7,103.8,145.6,911.2,8.83,18.74,2.0
105.916,81.2,6.239999999999999,3.33,75.71,895.7,913.2,119.0,106.7,146.6,883.0,8.72,18.84,3.0
105.904,81.239,6.292,3.31,75.71,894.4,913.6,119.9,106.2,145.6,891.1,8.78,18.79,3.0
105.938,81.175,6.292,3.44,75.73,889.3,910.5,118.4,102.7,146.3,863.9,8.68,18.88,3.0
106.434,81.522,6.968,3.17,74.83,880.0,900.7,122.0,106.0,146.2,921.9,8.82,18.75,1.0
106.105,82.106,11.18,2.97,75.66,900.9,916.7,116.9,104.3,147.4,877.8,8.84,18.73,4.0
105.505,81.162,6.864,3.22,74.81,920.0866721015268,896.8,118.4,107.8,147.0,882.3,8.81,18.73,1.0
106.228,81.29,6.968,3.19,74.81,916.9,934.3,119.9,104.4,145.7,914.3,8.84,18.72,2.0
106.237,81.058,7.228,3.191239253336878,74.81,901.6,919.9,120.5,106.31988882576574,145.9,937.7,8.76,18.76,1.0
106.45,81.487,6.968,3.19,74.82,881.5,897.9,117.8,104.9,145.5,932.4,8.85,18.72,2.0
106.31,81.392,6.968,3.29,74.83,921.0,938.5,114.2,100.4,145.6,906.9,8.74,18.83,2.0
106.048,81.261,6.864,3.2,74.8,912.5,927.5,116.6,106.1,146.0,916.7,8.86,18.71,2.0
105.841,81.171,6.292,3.32,75.73,893.3,917.1,114.2,106.2,146.5,889.7,8.81,18.76,3.0
106.038,81.976,11.128,2.9,75.62,900.9,918.0,119.0,105.3,146.6,890.9,8.88,18.69,4.0
106.27713516920927,81.471,7.228,3.16,74.82,879.2119500769754,938.2,127.3,106.49131287197312,145.9,882.3,8.8,18.8,1.0
105.931,81.268,6.188,3.32,75.71,889.8,918.6,114.8,104.2,147.2,886.7,8.76,18.8,3.0
106.086,81.456,6.188,2.92,75.64,904.6,919.9,121.4,106.1,145.4,916.4,8.96,18.61,4.0
106.464,81.362,7.124,3.23,74.83,880.8,895.9,115.1,104.4,146.7,923.7,8.82,18.75,1.0
106.237,81.471,7.228,3.2,74.83,903.1,926.3,104.6,104.3,147.0,882.3,8.85,18.72,1.0
106.169,81.303,7.124,3.19,74.81,916.9,938.0,113.9,104.6,145.4,909.3,8.83,18.74,2.0
106.047,81.397,6.084,2.89,75.63,905.9,921.4,117.5,106.5,145.0,906.1,8.91,18.66,4.0
105.831,81.216,6.292,3.31,75.72,894.1,911.6,120.5,105.1,145.5,886.6,8.72,18.85,3.0
106.27337226762886,80.617,6.864,3.190858546942602,74.83,903.1,926.3,120.5,107.3,148.1,920.2,8.76,18.77,1.0
105.928,81.142,6.188,3.26,75.67,889.8,914.9,119.6,106.5,147.3,894.3,8.78,18.78,3.0
105.924,81.194,6.292,3.33,75.74,891.5,913.2,122.0,108.2,147.3,879.5,8.76,18.81,3.0
106.164,81.221,6.968,3.2,74.81,908.8,926.5,113.6,104.5,146.7,921.3,8.86,18.71,2.0
106.258,81.296,6.864,3.16,74.81,884.6,903.5,119.6,107.6,146.1,920.9,8.83,18.73,1.0
106.137,82.024,11.128,2.85,75.61,900.9,920.6,117.5,107.4,145.1,924.1,8.98,18.59,3.0
105.998,81.28,6.292,3.37,75.71,889.3,910.3,113.9,102.6,147.1,868.7,8.73,18.84,3.0
106.324,81.36,6.864,3.24,74.83,914.7,934.8,111.8,102.2,145.7,908.1,8.8,18.77,2.0
105.986,81.296,6.188,3.34,75.74,893.7,914.2,117.8,106.0,147.2,896.2,8.77,18.8,3.0
106.319,81.389,6.968,3.19,74.81,885.9,902.9,119.3,103.9,146.2,931.1,8.82,18.75,1.0
106.4707986111746,81.162,6.864,3.199749492150708,74.81,920.5600995978546,935.9,127.3,104.3,145.9,930.5,8.8,18.75,1.0
105.944,81.362,7.124,3.187043743885244,74.81,919.616259713598,902.40975024887,120.5,106.55706212207755,147.0,882.3,8.76,18.73,1.0
105.95,81.196,6.188,3.32,75.75,890.9,912.1,118.7,107.2,146.1,893.1,8.77,18.79,3.0
105.984,81.399,6.084,2.89,75.62,905.7,922.1,116.3,105.1,145.8,898.0,8.92,18.65,3.0
106.486,81.383,6.968,3.22,74.81,879.8,896.3,117.8,104.1,145.5,909.5,8.78,18.79,2.0
105.943,81.295,6.292,3.34,75.74,891.1,910.7,119.9,106.6,146.5,887.7,8.76,18.81,3.0
106.111,82.126,11.128,2.9,75.65,902.2,918.8,117.2,105.9,145.8,919.2,9.0,18.57,4.0
106.074,82.078,11.128,2.89,75.65,903.3,920.1,120.5,106.1,145.1,904.8,8.93,18.64,4.0
106.338,81.457,6.968,3.19,74.81,910.3,926.0,112.7,104.6,146.2,910.1,8.81,18.76,2.0
105.944,80.411,7.228,3.1940669994926862,74.82,885.4864421871777,926.3,113.9,106.54322685936276,145.8,874.6,8.82,18.76,1.0
105.97,81.279,6.292,3.38,75.73,895.0,913.8,110.3,102.9,145.6,875.1,8.67,18.9,3.0
105.902,81.471,6.864,3.16,74.83,901.6,904.0,127.3,106.39614059244502,145.8,926.5,8.68,18.75,1.0
106.115,82.077,11.128,2.92,75.6,901.4,918.4,119.3,105.5,145.5,893.5,8.9,18.67,4.0
106.083,82.074,10.972,2.94,75.61,900.7,916.0,118.4,103.1,145.2,880.7,8.77,18.8,3.0
105.888,81.167,6.292,3.35,75.74,895.5,914.4,115.1,106.0,148.1,889.3,8.79,18.78,3.0
105.746,81.104,6.292,3.34,75.74,890.2,912.3,118.1,108.1,146.8,892.4,8.75,18.82,3.0
106.46220627530222,81.058,6.968,3.22,74.83,901.6,919.9,104.6,104.3,147.0,923.9,8.76,18.76,1.0
106.281,81.295,6.968,3.23,74.8,886.1,902.4,116.9,102.3,146.3,918.6,8.79,18.78,2.0
106.27356796490012,80.617,6.864,3.22,74.82,886.9,904.0,120.5,106.7,147.0,933.1,8.59,18.73,1.0
106.282,81.4,6.864,3.19,74.82,913.1,929.7,113.9,105.5,145.7,911.7,8.83,18.74,2.0
106.169,81.143,7.332,3.11,74.81,921.9,938.7,118.7,110.2,145.3,927.2,8.91,18.66,2.0
106.282,81.385,6.864,3.2,74.83,913.4,930.0,119.0,104.7,145.8,917.7,8.81,18.76,2.0
106.067,82.049,11.128,2.96,75.64,900.3,916.0,116.9,104.1,145.9,882.3,8.82,18.75,4.0
106.4764082241313,81.058,6.864,3.186532341380385,74.83,901.6,919.9,113.9,104.3,148.1,930.5,8.82,18.72,1.0
105.826,81.135,6.188,3.29,75.73,893.3,912.3,121.4,109.3,148.3,887.9,8.78,18.79,3.0
106.27586044567995,81.437,7.124,3.186472338464725,74.82,901.6,896.8,120.5,106.2,146.7,937.7,8.85,18.76,1.0
105.505,81.162,7.228,3.16,74.81,920.1608630538976,902.2784684996316,113.9,106.45400989553706,147.0,923.9,8.76,18.73,1.0
106.093,82.079,11.128,2.96,75.64,902.0,919.3,115.7,103.3,145.5,876.8,8.79,18.78,4.0
106.065,81.999,11.128,2.95,75.62,899.6,914.5,120.5,104.0,146.6,891.5,8.93,18.63,4.0
105.902,80.617,6.864,3.1926004230901945,74.82,908.6,938.2,120.5,104.3,146.1,882.3,8.82,18.8,1.0
105.916,81.197,6.188,3.28,75.73,891.8,910.5,116.9,105.5,145.9,882.9,8.76,18.8,3.0
106.227,81.305,6.968,3.2,74.81,919.3,936.3,113.6,105.1,146.0,914.9,8.82,18.75,2.0
106.116,81.484,6.136,2.87,75.62,903.1,920.3,118.4,105.6,145.5,896.0,8.95,18.62,4.0
106.305,81.281,6.864,3.2,74.82,914.2,929.1,116.3,103.5,145.7,913.0,8.83,18.74,2.0
105.992,81.364,6.292,3.32,75.72,895.5,914.5,117.2,105.3,146.4,878.0,8.76,18.81,3.0
106.109,81.954,11.232,3.0,75.69,903.8,919.7,114.8,103.1,148.1,875.5,8.79,18.78,4.0
106.324,81.326,6.968,3.17,74.8,885.7,900.7,116.6,106.0,146.3,927.0,8.83,18.74,1.0
106.173,81.199,6.968,3.21,74.82,910.3,925.6,117.5,103.9,147.4,921.7,8.84,18.73,2.0
106.124,81.54,6.084,2.86,75.61,905.9,923.0,122.3,107.8,146.1,900.8,8.94,18.63,4.0
106.27470533267012,80.617,6.864,3.22,74.82,903.1,902.5504537970864,116.9,107.8,146.1,917.5,8.59,18.76,1.0
106.099,81.397,6.084,2.86,75.61,904.8,920.4,121.1,108.4,147.8,898.5,8.88,18.69,4.0
106.345,81.385,6.968,3.18,74.83,884.8,900.7,123.8,108.3,147.6,913.3,8.81,18.76,2.0
106.039,81.505,6.084,2.92,75.63,903.6,918.8,109.7,103.4,146.0,895.5,8.9,18.67,4.0
106.237,81.437,6.864,3.187348777537212,74.81,908.6,938.2,120.5,107.3,145.9,882.3,8.68,18.73,1.0
106.277,81.339,6.968,3.17,74.81,908.4,924.1,113.6,105.5,146.4,921.4,8.84,18.73,1.0
106.22,81.308,6.968,3.22,74.81,914.4,931.1,108.5,101.4,145.3,915.1,8.8,18.77,2.0
106.105,82.138,11.128,2.92,75.67,904.0,919.3,114.2,106.0,145.3,899.8,8.88,18.69,3.0
106.109,82.053,10.972,2.89,75.64,901.8,917.3,114.2,105.6,145.2,904.6,8.94,18.62,4.0
105.906,81.186,6.188,3.3,75.74,888.9,911.6,125.8,107.5,146.1,886.1,8.73,18.84,3.0
106.054,81.415,6.188,2.87,75.61,903.6,919.9,116.6,107.3,145.7,913.2,8.97,18.6,4.0
106.062,81.945,10.972,2.93,75.64,903.1,918.8,114.2,105.6,145.7,882.4,8.83,18.74,4.0
106.47733601809936,81.437,7.124,3.189451507529756,74.82,903.1,896.8,127.3,106.40122447430213,148.1,922.3,8.59,18.75,1.0
105.822,80.833,6.968,3.19,74.83,917.9,934.5,124.7,110.5,146.6,918.7,8.85,18.72,2.0
106.338,81.328,6.864,3.23,74.82,918.6,938.3,113.6,103.0,145.6,908.5,8.83,18.74,2.0
106.27371812728524,81.471,6.864,3.2,74.82,901.6,926.3,120.5,106.2,146.1,937.7,8.85,18.73,1.0
105.94,80.926,6.864,3.14,74.81,920.4,938.7,121.7,111.0,146.1,913.8,8.89,18.68,2.0
106.26,81.254,6.864,3.26,74.81,913.8,930.6,116.6,103.5,146.5,911.9,8.81,18.76,2.0
106.246,81.376,6.968,3.26,74.82,910.1,928.7,116.0,103.4,146.4,908.8,8.77,18.8,2.0
106.319,81.293,6.864,3.26,74.82,917.5,935.6,119.0,104.4,146.6,908.7,8.8,18.77,2.0
105.944,80.411,6.864,3.22,74.82,885.5080781724425,938.2,113.9,104.3,145.8,917.5,8.85,18.73,1.0
105.968,81.286,6.292,3.34,75.75,896.5,915.5,115.7,106.0,145.8,882.0,8.72,18.85,3.0
106.098,81.256,6.968,3.19,74.83,908.8,927.6,125.2,107.3,146.6,915.9,8.78,18.79,2.0
105.843,81.133,6.239999999999999,3.45,75.74,891.7,911.6,109.4,102.2,146.8,870.6,8.72,18.85,3.0
106.23,81.379,6.968,3.29,74.83,912.9,928.4,114.2,100.3,147.6,901.0,8.77,18.8,2.0
106.435,81.355,6.968,3.32,74.82,916.9,936.7,113.9,103.5,145.6,904.9,8.81,18.76,2.0
106.185,81.423,6.084,2.89,75.62,905.3,921.7,121.1,107.5,147.1,892.6,8.85,18.72,4.0
106.136,82.034,11.128,2.96,75.62,899.8,916.0,118.1,103.2,146.1,881.4,8.78,18.78,4.0
106.159,81.365,6.968,3.23,74.81,907.9,925.8,120.2,104.4,146.1,913.5,8.79,18.77,2.0
106.04,82.047,10.972,2.98,75.63,900.7,917.7,111.8,102.0,146.3,869.3,8.8,18.76,4.0
106.173,81.521,6.084,2.87,75.62,906.8,923.0,115.1,106.5,145.1,893.8,8.9,18.66,4.0
106.137,81.544,6.084,2.87,75.65,905.1,919.7,115.7,106.6,145.6,891.4,8.87,18.7,4.0
106.28,81.311,7.124,3.18,74.81,888.5,902.7,118.4,105.7,146.3,913.2,8.79,18.78,2.0
105.844,81.132,6.188,3.49,75.74,892.6,912.3,122.0,105.0,147.0,865.0,8.68,18.88,3.0
106.27493989311566,81.343,6.968,3.1937304313896457,74.82,920.3853755665627,919.9,104.6,106.7,147.6,937.7,8.84,18.76,1.0
106.107,82.051,11.128,2.96,75.66,900.9,918.4,120.8,104.6,146.2,875.2,8.79,18.78,4.0
105.944,80.617,7.228,3.22,74.82,901.6,935.9,104.6,106.2,146.1,937.7,8.83,18.89,1.0
106.132,82.067,11.232,2.86,75.63,902.5,920.3,116.9,107.7,146.4,912.6,8.9,18.67,4.0
105.917,81.152,6.292,3.25,75.73,891.1,910.5,116.9,107.3,146.7,911.5,8.85,18.71,3.0
106.237,81.471,6.864,3.16,74.82,908.6,902.3842919580449,116.9,107.8,146.0,926.5,8.82,18.71,1.0
106.104,82.016,11.128,2.91,75.62,900.7,917.1,116.0,104.4,145.8,894.6,8.89,18.68,4.0
106.033,81.077,7.851999999999999,3.17,74.81,918.2,937.4,118.4,109.0,145.3,912.1,8.85,18.71,2.0
106.153,81.291,6.968,3.19,74.82,911.4,925.6,113.0,103.7,145.6,923.7,8.84,18.73,2.0
105.833,81.009,6.239999999999999,3.49,75.73,891.8,914.7,110.3,101.4,145.8,862.4,8.68,18.89,3.0
106.307,81.324,6.968,3.25,74.81,908.4,926.2,114.5,104.2,145.5,921.2,8.81,18.75,2.0
106.237,80.411,6.968,3.1786657624716907,74.82,886.9,895.3,120.5,104.3,146.7,933.1,8.85,18.76,1.0
106.131,81.381,6.968,3.24,74.81,908.8,924.5,124.1,106.7,145.9,910.2,8.8,18.77,2.0
105.99,81.283,6.292,3.28,75.75,896.3,916.0,115.7,106.7,145.1,895.5,8.81,18.76,3.0
106.049,81.45,6.084,2.84,75.63,905.7,918.6,119.6,107.8,144.9,910.8,8.94,18.63,4.0
106.038,82.104,11.128,3.05,75.67,902.4,919.1,109.7,100.5,146.1,865.1,8.72,18.85,4.0
105.866,81.023,6.864,3.18,74.84,905.3,920.4,116.3,105.7,145.5,919.9,8.83,18.73,1.0
106.096,82.039,11.128,2.96,75.62,902.4,918.8,120.5,103.5,146.2,883.0,8.82,18.75,4.0
106.252,81.293,6.968,3.18,74.8,912.0,927.6,116.3,106.4,145.4,912.7,8.85,18.71,2.0
105.975,81.291,6.292,3.31,75.71,891.7,911.8,113.6,104.6,146.3,893.5,8.75,18.81,3.0
106.075,81.464,6.084,2.86,75.64,903.5,919.9,119.6,105.6,145.2,897.3,8.91,18.66,4.0
106.06,82.067,11.128,2.98,75.65,900.9,915.1,119.9,102.5,145.6,880.0,8.8,18.77,4.0
106.19,81.24,6.968,3.16,74.81,910.3,926.7,115.7,104.7,145.5,922.7,8.85,18.72,2.0
106.097,82.04,11.232,2.98,75.63,900.0,917.5,113.6,102.1,146.7,881.8,8.79,18.77,4.0
106.31,81.382,6.864,3.19,74.81,910.5,927.8,115.1,104.5,146.6,913.6,8.84,18.73,2.0
106.273,81.337,6.968,3.23,74.81,916.4,934.1,111.8,103.2,146.1,921.0,8.82,18.75,2.0
105.981,80.996,6.864,3.11,74.82,919.9,938.2,120.5,111.2,146.7,917.7,8.88,18.68,2.0
106.247,81.317,6.864,3.25,74.79,913.6,930.0,121.1,103.8,145.5,905.9,8.82,18.75,2.0
106.149,82.04,11.128,2.92,75.6,900.9,916.9,117.8,106.0,145.4,888.9,8.83,18.74,4.0
105.936,81.059,6.968,3.17,74.81,905.7,920.3,120.2,106.3,146.0,918.0,8.84,18.73,2.0
106.133,81.414,6.084,2.89,75.65,905.5,920.3,120.8,106.9,146.2,901.6,8.88,18.69,4.0
106.118,81.964,11.128,2.95,75.67,902.4,917.1,116.3,105.6,145.9,889.7,8.85,18.72,4.0
106.098,82.032,11.128,2.98,75.63,902.9,920.1,117.5,101.7,146.6,881.6,8.86,18.71,4.0
106.33,81.386,6.968,3.29,74.82,918.6,938.9,114.2,102.2,145.2,899.2,8.82,18.75,2.0
105.832,81.138,6.188,3.38,75.73,890.7,915.1,117.8,106.0,146.1,874.9,8.72,18.84,3.0
106.188,81.34,6.864,3.25,74.81,909.4,925.8,117.5,101.8,145.4,910.1,8.84,18.73,1.0
106.323,81.058,6.864,3.16,74.82,908.6,938.2,116.9,104.9,147.0,933.1,8.81,18.77,1.0
105.782,80.865,7.124,3.27,74.82,897.2,914.0,119.6,103.4,146.4,905.3,8.81,18.76,2.0
106.068,81.358,6.084,2.83,75.65,904.0,920.1,117.8,107.9,146.2,915.3,8.99,18.58,4.0
106.108,81.462,6.084,2.85,75.64,904.0,921.5,114.2,105.8,146.2,915.5,8.95,18.62,4.0
106.318,81.354,6.864,3.19,74.8,913.4,929.5,120.5,105.5,146.9,923.7,8.84,18.73,1.0
105.925,81.057,6.188,3.31,75.76,892.8,914.5,116.9,105.4,146.1,893.6,8.82,18.75,3.0
106.053,81.426,6.136,2.87,75.63,904.2,918.8,114.2,103.3,145.1,887.0,8.89,18.68,4.0
106.304,81.361,6.968,3.24,74.81,885.2,902.2,119.3,104.3,146.3,913.5,8.81,18.76,2.0
106.108,81.212,6.968,3.14,74.83,910.7,926.9,122.9,104.9,146.3,916.0,8.85,18.71,2.0
105.944,81.058,6.864,3.22,74.82,903.1,926.3,120.5,106.2,147.0,923.9,8.81,18.71,1.0
106.237,81.343,7.228,3.180890558526344,74.82,878.8626503167388,896.8,120.5,104.3,147.0,920.2,8.85,18.76,1.0
105.902,80.617,7.228,3.180570159817491,74.81,879.8995623392303,919.9,104.6,104.3,145.9,933.1,8.76,18.76,1.0
105.866,81.073,6.188,3.34,75.73,891.7,913.4,119.6,103.9,145.4,877.0,8.72,18.85,3.0
105.764,80.591,6.968,3.5,74.82,918.4,933.5,114.2,99.5,145.7,890.0,8.74,18.83,2.0
106.236,81.329,6.968,3.19,74.82,909.7,927.5,114.8,105.7,146.7,913.3,8.8,18.76,2.0
106.047,82.007,11.128,2.9,75.64,905.7,919.3,120.2,105.6,145.4,885.0,8.92,18.65,4.0
105.873,81.195,6.188,3.32,75.74,893.1,912.1,119.3,108.4,145.8,897.0,8.77,18.79,3.0
106.042,82.032,11.128,2.98,75.64,901.8,918.4,111.5,101.5,146.4,869.5,8.78,18.79,4.0
106.176,81.357,6.968,3.21,74.81,910.7,926.5,118.7,106.4,145.4,904.2,8.82,18.74,2.0
105.778,81.132,6.188,3.55,75.74,894.4,917.3,116.0,100.8,147.4,853.9,8.69,18.88,3.0
106.324,81.373,6.968,3.22,74.82,885.9,901.2,117.2,102.6,147.1,915.4,8.81,18.75,2.0
106.002,81.328,6.292,3.27,75.72,890.9,914.4,123.2,108.2,145.1,908.9,8.84,18.73,3.0
105.865,81.196,6.239999999999999,3.34,75.77,891.3,912.9,112.1,103.2,146.0,881.4,8.74,18.82,3.0
105.882,81.29,6.292,3.41,75.75,890.7,912.3,115.4,103.7,145.8,875.4,8.67,18.9,3.0
105.988,81.04,6.864,3.11,74.81,920.4,937.2,122.0,110.7,147.2,931.5,8.96,18.61,2.0
106.46933410935704,80.617,6.864,3.16,74.81,901.6,895.3,120.5,107.8,145.8,937.7,8.81,18.76,1.0
105.991,81.085,6.968,3.17,74.8,907.9,923.8,116.3,105.4,147.4,916.2,8.88,18.69,2.0
106.162,81.452,6.084,2.88,75.66,902.7,918.0,115.1,106.2,147.3,913.4,8.97,18.6,4.0
105.85,81.101,6.239999999999999,3.38,75.74,891.7,912.0,114.8,106.3,146.9,882.7,8.75,18.81,3.0
106.387,81.312,6.864,3.23,74.8,915.1,932.2,116.6,103.3,145.9,905.4,8.81,18.76,2.0
105.944,81.027,7.228,3.16,74.82,885.3418588587443,895.3,120.5,104.9,146.0,882.3,8.82,18.72,1.0
106.301,81.351,6.968,3.22,74.82,912.9,929.7,115.7,104.4,146.3,908.8,8.81,18.76,2.0
105.903,81.274,6.292,3.38,75.74,889.8,910.8,118.1,105.0,146.8,880.2,8.75,18.82,3.0
106.47049571526136,81.362,7.124,3.184944029038212,74.83,885.2382244080794,902.083382721094,113.9,104.9,147.0,923.9,8.85,18.8,1.0
106.47397623249604,81.058,6.968,3.187023949448059,74.83,901.6,935.9,113.9,106.53085449077,146.1,937.7,8.76,18.72,1.0
106.45617981582556,80.411,6.864,3.184992560158592,74.82,903.1,902.8691261710457,107.3,104.9,147.0,930.5,8.82,18.75,1.0
105.772,80.91,6.864,3.28,74.81,897.7,914.4,112.1,102.9,145.8,910.3,8.8,18.77,2.0
106.048,81.223,6.188,3.3,75.72,890.9,910.5,114.8,104.1,145.2,882.5,8.7,18.87,3.0
106.075,82.011,10.868,2.88,75.6,903.8,919.5,113.6,106.2,145.5,901.8,8.91,18.66,4.0
106.09,82.074,11.128,3.01,75.64,900.5,916.4,112.7,102.2,145.4,876.2,8.8,18.76,4.0
106.107,82.027,11.128,2.99,75.61,900.3,916.7,118.4,103.6,146.6,874.0,8.8,18.77,4.0
105.696,81.152,6.292,3.37,75.72,894.4,916.6,116.9,106.1,147.5,868.3,8.71,18.85,3.0
106.05,82.024,11.128,2.92,75.61,900.9,918.0,123.8,104.3,145.7,891.0,8.87,18.69,3.0
106.45300596341308,81.162,6.864,3.16,74.83,885.5490019241304,895.3,127.3,106.7,145.6,926.5,8.83,18.76,1.0
106.109,81.281,7.02,3.16,74.81,907.0,926.5,116.9,105.1,145.3,920.5,8.83,18.74,2.0
105.449,81.471,6.864,3.18998344180184,74.82,879.6379776453196,904.0,120.5,106.2,148.1,923.9,8.76,18.76,1.0
106.066,81.489,6.084,2.86,75.63,905.5,922.1,116.9,108.1,145.5,911.1,8.97,18.6,4.0
106.264,81.323,6.968,3.24,74.81,912.7,927.1,122.9,104.0,146.0,922.7,8.79,18.78,2.0
105.86,81.183,6.188,3.31,75.72,892.9,912.3,116.0,106.2,145.5,899.2,8.85,18.72,3.0
106.212,81.324,6.968,3.23,74.82,914.4,929.1,114.8,104.8,145.5,907.9,8.78,18.78,2.0
105.505,81.362,6.864,3.16,74.83,885.383582099842,904.0,107.3,107.3,146.0,933.1,8.84,18.75,1.0
106.315,81.331,6.968,3.25,74.81,910.8,924.5,113.9,103.7,147.2,905.0,8.75,18.81,2.0
106.44385647380425,80.411,6.864,3.185705288007666,74.82,908.6,935.9,104.6,106.4830774509816,145.9,930.5,8.81,18.73,1.0
105.894,81.274,6.292,3.33,75.73,896.3,913.8,116.9,107.4,144.8,888.1,8.77,18.8,3.0
106.249,81.399,6.864,3.23,74.8,912.5,928.9,117.2,102.9,145.0,911.0,8.8,18.77,2.0
106.27601419725298,81.058,6.864,3.22,74.82,885.0942138190399,919.9,113.9,106.40674857771552,148.1,933.1,8.81,18.71,1.0
106.122,81.923,10.868,2.9,75.62,904.0,921.4,117.2,105.1,145.6,898.3,8.89,18.68,4.0
106.125,82.023,10.764,2.9,75.62,903.8,920.3,117.2,106.6,145.6,918.3,9.0,18.57,4.0
105.995,81.23,6.188,3.29,75.71,889.8,910.3,124.1,108.4,146.4,901.0,8.77,18.8,3.0
105.806,80.982,6.188,3.44,75.73,892.9,918.6,120.8,103.6,146.4,873.5,8.76,18.81,3.0
106.056,81.495,6.188,2.87,75.64,905.5,920.6,118.4,106.9,145.7,906.1,8.93,18.63,4.0
106.102,82.009,11.128,3.0,75.64,900.5,916.2,112.1,102.8,147.3,871.9,8.82,18.75,4.0
106.013,81.152,6.188,3.29,75.75,897.7,916.0,117.5,106.1,145.8,891.3,8.82,18.74,3.0
106.105,81.983,11.128,2.96,75.61,901.8,917.9,113.6,103.2,146.3,879.9,8.82,18.75,4.0
106.48564026579676,81.058,6.864,3.187293787357339,74.82,901.6,902.2134022909448,107.3,106.2,146.7,920.2,8.76,18.75,1.0
106.109,82.019,11.128,2.95,75.63,900.9,916.0,116.0,103.3,145.2,894.1,8.88,18.69,4.0
106.107,81.346,6.188,2.83,75.65,903.6,919.9,114.5,107.5,145.3,915.7,8.98,18.59,4.0
105.803,81.211,6.239999999999999,3.35,75.76,890.2,911.0,123.8,107.2,146.2,877.7,8.72,18.84,4.0
106.07,81.932,10.764,2.89,75.62,900.9,918.0,119.6,107.2,145.1,898.6,8.87,18.7,4.0
106.097,82.023,10.972,2.95,75.62,900.0,918.4,114.8,104.1,145.3,885.0,8.87,18.7,4.0
105.823,81.202,6.239999999999999,3.36,75.77,891.3,911.8,116.0,106.0,146.0,875.4,8.74,18.82,3.0
106.075,82.108,11.128,2.87,75.64,900.1,916.9,118.7,108.4,146.5,906.6,8.91,18.66,4.0
106.47583242326913,81.402,6.864,3.184192709050086,74.82,885.4228609870777,919.9,120.5,107.8,148.1,874.6,8.84,18.73,1.0
106.021,81.423,6.136,2.87,75.62,904.4,920.3,119.9,106.3,145.4,889.1,8.87,18.69,4.0
106.326,81.523,6.968,3.15,74.8,883.0,899.0,116.3,104.3,145.8,927.3,8.84,18.73,1.0
106.124,81.473,6.188,2.8,75.68,906.4,923.6,125.8,110.5,145.4,916.0,8.92,18.65,4.0
106.13,81.493,6.188,2.86,75.65,906.0,921.2,114.5,105.7,145.1,904.8,8.98,18.59,4.0
105.935,81.216,6.292,3.34,75.73,891.3,911.0,122.3,107.0,145.1,893.7,8.73,18.84,3.0
106.375,81.401,6.968,3.31,74.81,918.6,938.0,114.8,101.1,146.8,902.1,8.84,18.72,2.0
106.268,81.388,6.968,3.24,74.81,918.8,935.6,117.2,103.8,146.6,911.3,8.81,18.76,2.0
106.016,81.385,6.292,3.31,75.77,889.4,909.9,120.8,107.9,146.5,879.9,8.76,18.8,3.0
106.132,82.077,11.128,3.0,75.62,900.1,917.7,112.7,102.8,145.9,864.0,8.76,18.81,4.0
106.131,81.448,6.084,2.88,75.62,905.3,919.9,122.3,105.7,146.2,920.2,9.0,18.57,4.0
106.269,81.454,6.968,3.24,74.8,908.6,925.1,114.8,105.5,145.5,916.8,8.81,18.75,2.0
106.115,81.935,11.128,2.93,75.64,900.3,917.1,110.6,103.5,146.8,889.7,8.84,18.72,4.0
106.237,81.402,6.864,3.19387334360315,74.81,920.0222593207944,895.3,113.9,106.50513614485487,146.0,920.2,8.85,18.73,1.0
105.885,81.312,6.292,3.32,75.71,890.9,909.6,126.7,106.0,145.4,884.4,8.76,18.81,3.0
106.304,81.249,6.968,3.23,74.84,917.5,935.0,109.4,101.2,146.3,912.3,8.83,18.73,2.0
106.112,82.091,11.128,2.98,75.65,901.6,916.6,110.3,102.1,146.3,871.6,8.78,18.79,4.0
106.348,81.457,6.968,3.23,74.83,913.8,929.3,117.2,105.5,146.4,906.1,8.79,18.77,2.0
106.233,81.249,6.968,3.19,74.8,916.6,934.3,118.1,105.3,145.4,905.8,8.84,18.73,2.0
105.921,81.167,6.188,3.29,75.74,894.1,915.3,118.1,106.5,146.2,903.1,8.79,18.78,3.0
105.901,81.183,6.188,3.3,75.76,891.3,910.5,120.8,108.7,146.0,903.7,8.78,18.78,3.0
105.804,81.133,6.292,3.32,75.75,890.5,913.4,122.6,106.9,146.1,893.6,8.78,18.78,3.0
105.902,81.343,6.864,3.19115691864336,74.83,903.1,918.2,120.5,106.7,146.0,920.2,8.8,18.73,1.0
105.944,81.343,6.968,3.187706628113244,74.83,920.0399697635548,902.3469020718716,113.9,107.3,145.9,874.6,8.8,18.73,1.0
106.237,81.437,6.968,3.16,74.83,885.4747157511855,902.3591863034452,120.5,104.9,146.7,923.9,8.84,18.73,1.0
106.232,81.388,6.968,3.27,74.81,913.2,928.7,117.5,104.1,146.7,911.2,8.78,18.79,2.0
105.902,81.027,7.124,3.188897425414832,74.82,908.6,904.0,104.6,106.41378911793213,146.1,922.3,8.76,18.73,1.0
105.505,81.437,6.864,3.189536800277102,74.82,885.7451405880281,935.9,127.3,107.8,145.8,923.9,8.76,18.73,1.0
106.127,82.122,11.128,2.99,75.64,900.7,916.2,113.6,103.5,145.8,872.4,8.78,18.79,4.0
106.072,81.242,6.968,3.19,74.8,908.4,927.5,118.7,105.5,145.5,928.0,8.81,18.75,1.0
105.987,81.123,6.968,3.14,74.8,909.9,925.2,119.0,105.4,145.2,928.2,8.89,18.68,2.0
105.992,81.166,6.968,3.18,74.82,909.7,926.0,117.2,107.8,146.0,916.1,8.83,18.74,2.0
105.863,80.925,6.864,3.22,74.8,899.2,918.2,117.8,105.4,145.7,918.3,8.85,18.71,1.0
106.026,80.974,6.864,3.14,74.8,920.4,937.4,117.8,108.9,145.6,916.5,8.83,18.74,2.0
105.868,81.156,6.188,3.28,75.73,893.9,914.2,114.8,107.3,146.7,903.6,8.79,18.78,2.0
106.07,81.291,6.188,3.31,75.72,887.6,912.0,119.6,108.9,146.8,894.9,8.81,18.76,3.0
106.122,82.049,11.128,2.92,75.61,899.8,916.2,113.3,104.8,145.3,890.3,8.91,18.66,4.0
106.113,82.088,11.128,2.94,75.63,901.4,918.4,112.7,104.9,145.7,909.9,8.97,18.6,4.0
106.099,82.097,11.128,2.95,75.64,901.2,916.6,116.3,104.7,145.1,895.8,8.92,18.65,4.0
105.903,81.187,6.292,3.36,75.76,888.7,908.6,114.5,105.4,146.9,879.5,8.74,18.83,3.0
106.119,81.446,6.084,2.87,75.63,905.1,919.7,117.2,105.3,145.0,905.8,8.85,18.72,4.0
106.317,81.408,6.968,3.2,74.82,913.4,929.3,120.8,105.9,146.6,914.2,8.81,18.75,2.0
105.449,81.362,6.864,3.16,74.83,901.6,918.2,120.5,106.3557860135054,147.0,882.3,8.8,18.73,1.0
106.359,81.359,6.968,3.16,74.83,907.3,924.7,120.8,106.1,145.2,919.8,8.84,18.73,2.0
106.125,82.018,11.128,3.04,75.65,900.3,915.5,111.8,100.2,145.9,856.1,8.72,18.85,4.0
105.909,81.102,6.188,3.33,75.73,893.9,916.9,115.4,107.6,146.6,882.9,8.74,18.83,3.0
105.988,81.283,6.292,3.4,75.69,895.0,914.0,112.1,101.5,145.8,864.8,8.7,18.87,3.0
105.982,81.237,6.968,3.19,74.82,908.8,925.8,116.0,103.5,146.5,910.6,8.84,18.73,2.0
106.167,81.274,6.968,3.2,74.84,910.5,926.3,122.3,105.6,145.7,932.8,8.87,18.69,2.0
106.136,82.105,11.128,2.92,75.61,900.7,916.2,115.7,104.7,145.5,918.2,8.97,18.6,4.0
106.226,81.369,6.968,3.22,74.82,916.6,934.5,117.2,105.4,145.6,915.5,8.86,18.71,2.0
106.289,81.249,6.968,3.29,74.83,917.5,933.9,111.8,101.7,146.5,900.8,8.78,18.79,2.0
105.505,81.343,6.864,3.2054351522598257,74.83,919.9218877161704,918.2,120.5,104.9,146.1,882.3,8.85,18.73,1.0
106.137,82.027,11.128,2.95,75.62,900.3,918.4,114.8,104.4,146.5,883.5,8.81,18.76,4.0
106.294,81.297,7.02,3.25,74.81,916.0,934.1,119.0,104.5,145.6,907.7,8.74,18.83,2.0
106.106,81.445,6.084,2.9,75.62,904.6,920.6,117.5,105.2,145.5,902.4,8.96,18.6,4.0
106.283,81.426,7.124,3.22,74.82,885.9,901.6,117.2,105.0,148.5,915.9,8.79,18.77,2.0
106.152,81.415,6.968,3.23,74.81,910.7,926.7,117.5,103.2,146.9,913.3,8.82,18.75,2.0
106.517,81.426,6.968,3.13,74.82,882.6,900.0,118.1,108.1,146.7,916.0,8.81,18.76,2.0
106.073,81.266,6.968,3.2,74.8,908.1,925.8,123.8,105.6,146.5,911.8,8.8,18.76,2.0
106.323,80.617,6.968,3.197318365825224,74.83,908.6,935.9,113.9,107.3,147.6,917.5,8.83,18.77,1.0
106.12,81.518,6.084,2.86,75.62,903.1,920.1,116.6,106.7,145.3,899.4,8.9,18.67,4.0
106.322,81.362,6.968,3.22,74.81,914.0,931.0,117.8,106.0,146.7,907.2,8.77,18.8,2.0
106.096,82.005,11.128,2.92,75.64,903.1,920.4,115.7,105.9,146.9,891.4,8.85,18.71,4.0
105.858,81.277,6.239999999999999,3.31,75.73,890.5,914.2,116.3,107.4,145.3,894.4,8.71,18.85,3.0
106.129,82.065,11.128,2.96,75.63,901.4,918.8,116.9,103.5,146.0,889.1,8.81,18.75,4.0
106.439,81.423,6.968,3.22,74.8,878.4,896.6,114.2,105.5,146.2,917.5,8.77,18.79,2.0
106.045,81.971,11.128,2.89,75.62,900.9,916.7,120.8,105.6,145.5,892.5,8.86,18.71,4.0
106.2733875791184,81.402,6.864,3.187961298107094,74.82,903.1,926.3,104.6,107.8,145.6,922.3,8.82,18.73,1.0
106.304,81.398,7.124,3.21,74.8,910.3,923.9,113.9,104.5,147.0,920.8,8.81,18.75,2.0
106.46614012359792,81.471,6.864,3.22,74.83,885.6442597147975,902.821268610423,120.5,106.7,145.6,917.5,8.8,18.75,1.0
106.284,81.341,6.968,3.19,74.82,909.6,924.1,122.9,105.4,145.3,918.6,8.82,18.75,2.0
106.19,81.395,6.968,3.21,74.82,912.5,928.6,116.9,104.7,145.6,915.6,8.82,18.75,2.0
106.104,81.995,11.128,3.01,75.62,900.0,917.3,120.5,102.1,145.4,870.6,8.74,18.83,4.0
105.851,81.193,6.292,3.3,75.76,893.1,912.9,122.0,109.2,146.6,889.2,8.73,18.84,3.0
106.08,82.026,11.128,2.97,75.62,900.3,915.1,116.0,103.4,145.7,879.5,8.77,18.79,4.0
105.943,81.201,6.292,3.31,75.79,895.5,915.5,117.8,105.9,145.4,880.4,8.75,18.82,3.0
106.341,81.339,6.968,3.27,74.8,909.4,926.5,118.7,101.7,145.7,920.2,8.76,18.81,2.0
105.794,81.13,6.292,3.31,75.71,890.7,913.4,119.6,108.9,145.3,890.2,8.77,18.79,3.0
106.262,81.432,6.968,3.22,74.81,886.3,904.0,121.1,106.4,146.7,913.1,8.81,18.75,2.0
106.11,81.473,6.188,2.84,75.61,904.9,921.2,122.6,109.9,145.4,924.8,8.98,18.59,4.0
106.042,81.977,11.128,2.98,75.63,901.1,917.5,114.5,104.4,146.1,875.6,8.79,18.78,4.0
105.944,81.162,6.968,3.184590439911438,74.83,908.6,902.4401333713596,107.3,104.9,145.6,926.5,8.82,18.89,1.0
105.962,81.137,6.968,3.19,74.8,911.4,924.9,117.8,104.0,145.4,935.6,8.86,18.71,1.0
106.04,81.081,6.968,3.17,74.8,907.0,925.1,115.4,105.2,145.7,937.5,8.91,18.65,1.0
106.101,82.057,11.128,2.92,75.64,899.4,916.0,116.3,105.2,145.4,891.4,8.81,18.75,4.0
105.864,81.199,6.292,3.31,75.76,894.8,913.6,118.1,105.0,146.1,901.3,8.78,18.79,3.0
105.449,81.162,6.864,3.194062207454281,74.83,901.6,938.2,116.9,107.3,146.0,874.6,8.8,18.75,1.0
106.272,81.327,6.968,3.19,74.79,883.9,900.1,117.2,104.0,145.4,922.5,8.83,18.74,2.0
106.129,81.957,11.128,2.96,75.65,900.0,917.1,113.9,103.8,146.3,871.5,8.8,18.77,4.0
105.876,81.203,6.188,3.33,75.75,889.8,911.6,116.6,106.6,146.3,885.6,8.73,18.83,3.0
106.465,81.38,6.968,3.19,74.8,881.9,897.0,119.3,104.7,146.3,926.3,8.82,18.75,2.0
106.097,81.457,6.084,2.87,75.62,904.6,919.3,116.3,106.0,145.9,908.7,8.99,18.57,4.0
105.93,80.866,6.864,3.11,74.8,919.7,934.8,121.7,109.5,146.4,922.1,8.89,18.68,2.0
106.119,82.016,11.076,2.85,75.67,901.2,918.0,118.4,109.2,145.7,900.2,8.88,18.69,4.0
106.212,81.29,6.968,3.2,74.81,910.1,926.3,112.7,103.2,145.5,912.2,8.8,18.77,2.0
106.138,81.124,7.124,3.19,74.82,922.3,935.9,121.1,109.6,146.7,912.5,8.9,18.67,2.0
106.273,81.402,6.864,3.19,74.83,886.9,902.7,120.5,106.7,145.8,920.2,8.83,18.73,1.0
106.076,82.012,11.128,2.89,75.65,900.1,916.9,114.8,106.5,145.0,901.7,8.91,18.66,4.0
105.449,81.162,6.864,3.186743629216821,74.81,903.1,902.4442767756626,120.5,104.9,145.6,882.3,8.84,18.72,1.0
106.074,82.074,11.128,2.99,75.61,901.6,918.2,119.9,103.7,145.3,876.2,8.79,18.78,3.0
106.101,81.96,11.128,3.0,75.64,901.4,918.0,113.3,100.6,145.7,874.4,8.81,18.76,4.0
106.282,81.303,6.968,3.24,74.81,911.4,926.7,121.7,106.6,146.0,913.5,8.82,18.74,2.0
105.912,81.271,6.292,3.33,75.74,894.6,915.3,122.3,108.0,146.4,887.6,8.73,18.84,3.0
106.183,82.006,11.076,2.89,75.64,902.0,920.3,113.6,105.2,145.3,907.0,8.97,18.6,4.0
106.46945670417936,81.362,6.864,3.18845887561353,74.82,901.6,919.9,127.3,104.3,145.8,937.7,8.85,18.72,1.0
106.107,82.109,10.972,2.99,75.65,899.2,916.2,115.7,103.5,146.7,890.3,8.86,18.71,4.0
106.27,81.43,6.968,3.25,74.81,911.8,926.7,120.8,106.0,146.4,910.7,8.79,18.78,2.0
106.156,81.313,6.968,3.24,74.81,913.2,927.5,115.4,102.9,145.7,914.2,8.78,18.78,2.0
106.163,81.399,6.188,2.83,75.65,906.2,919.7,115.7,108.1,145.6,904.4,8.97,18.6,4.0
106.058,81.962,11.128,2.98,75.64,901.6,916.7,113.3,102.8,146.1,883.9,8.82,18.74,4.0
105.813,81.142,6.292,3.32,75.74,891.7,911.8,123.5,108.5,146.1,882.5,8.75,18.82,3.0
106.042,82.013,11.128,2.96,75.64,900.5,917.1,123.8,104.5,145.0,884.3,8.85,18.72,4.0
105.727,81.039,6.292,3.52,75.78,892.6,915.3,113.6,103.2,146.2,852.6,8.64,18.92,3.0
106.153,81.172,6.968,3.17,74.81,909.6,926.9,121.1,106.2,145.3,920.6,8.85,18.72,2.0
105.782,81.045,6.188,3.36,75.76,890.9,914.7,118.7,106.4,145.9,888.9,8.74,18.83,3.0
106.266,81.431,7.124,3.16,74.81,884.1,900.7,117.8,103.9,145.7,915.8,8.83,18.74,2.0
106.439,81.432,6.968,3.21,74.82,879.1,894.8,118.7,106.4,146.5,912.6,8.8,18.77,2.0
106.369,81.415,6.864,3.26,74.81,918.0,937.8,114.2,103.4,146.3,912.4,8.8,18.76,2.0
105.973,81.151,6.968,3.16,74.81,906.4,923.9,109.1,103.2,147.2,928.1,8.92,18.65,2.0
105.984,81.322,6.292,3.34,75.75,893.5,913.1,119.3,107.0,145.6,893.4,8.77,18.8,3.0
106.031,81.518,6.188,2.86,75.62,904.4,919.9,119.9,107.8,145.7,902.1,8.93,18.64,4.0
105.902,81.027,6.864,3.1895325670371246,74.81,908.6,926.3,107.3,104.3,147.0,923.9,8.8,18.75,1.0
106.19,81.371,6.188,2.87,75.61,905.1,919.7,118.4,106.6,145.7,910.0,8.97,18.6,4.0
105.963,81.244,6.292,3.31,75.73,895.5,914.4,115.7,105.1,146.7,888.9,8.73,18.84,3.0
106.277,81.12,6.968,3.23,74.8,910.7,924.7,111.5,104.1,145.7,913.1,8.77,18.8,2.0
105.79,81.088,6.292,3.42,75.72,895.0,919.0,112.4,104.1,147.7,867.8,8.71,18.86,3.0
106.091,81.418,6.188,2.83,75.61,906.2,921.5,124.4,110.2,145.2,916.0,8.98,18.59,4.0
105.902,80.411,6.968,3.185628679635667,74.82,885.3945703918337,896.8,120.5,104.3,147.0,937.7,8.8,18.73,1.0
106.2,81.13,6.968,3.23,74.83,911.0,927.3,115.7,102.8,146.0,915.9,8.81,18.75,2.0
105.792,81.152,6.292,3.4,75.75,893.3,915.1,117.2,105.9,147.1,871.6,8.71,18.86,3.0
105.942,81.289,6.292,3.33,75.72,895.3,913.8,117.8,105.6,146.0,883.6,8.75,18.81,3.0
106.151,81.136,7.851999999999999,3.13,74.81,921.4,938.0,122.0,110.0,146.0,925.3,8.93,18.64,2.0
106.031,82.012,11.128,2.92,75.62,900.9,916.7,115.7,104.5,147.2,886.4,8.85,18.72,4.0
105.505,81.027,6.864,3.22,74.82,884.8991136193215,904.0,113.9,104.9,148.1,920.2,8.83,18.76,1.0
106.297,81.409,6.968,3.17,74.81,884.3,901.1,121.4,106.4,145.8,928.1,8.85,18.71,1.0
106.44663439064908,81.027,6.864,3.22,74.83,908.6,918.2,118.4,106.39342860362812,145.9,933.1,8.68,18.8,1.0
105.902,81.402,7.228,3.16,74.82,885.7289652888903,926.3,107.3,106.7,147.0,937.7,8.8,18.8,1.0
106.06,81.963,11.128,2.91,75.65,900.3,916.2,119.6,105.5,145.9,896.7,8.91,18.66,4.0
106.27620716573324,81.437,6.864,3.1879528908469537,74.83,885.3152332424861,902.126294383124,127.3,107.3,147.0,917.5,8.84,18.77,1.0
106.16,81.096,7.124,3.1,74.8,920.6,937.6,116.3,109.6,145.6,932.7,8.9,18.67,2.0
106.248,81.237,6.968,3.23,74.83,913.8,928.6,115.4,103.8,145.8,915.9,8.82,18.74,2.0
106.257,81.27,6.968,3.15,74.8,914.2,927.8,116.0,107.6,146.2,921.7,8.81,18.76,2.0
105.449,80.411,6.864,3.16,74.81,879.5796412726517,935.9,120.5,106.4264282953164,147.0,874.6,8.83,18.71,1.0
105.906,81.169,6.968,3.14,74.82,910.3,924.3,116.3,106.6,145.1,935.8,8.94,18.63,2.0
106.142,81.387,6.24,2.9,75.62,905.9,921.7,117.2,105.5,145.5,898.9,8.89,18.67,4.0
105.879,80.946,6.864,3.13,74.82,920.1,935.6,122.9,109.9,145.7,921.7,8.86,18.71,2.0
105.449,80.411,6.864,3.182203072473849,74.83,885.7066065078106,926.3,127.3,104.9,147.6,937.7,8.82,18.8,1.0
106.4624211931438,80.617,6.968,3.22,74.81,903.1,926.3,120.5,107.3,146.0,933.1,8.8,18.89,1.0
106.242,81.349,6.968,3.18,74.83,887.0,903.5,115.4,103.3,146.6,925.1,8.88,18.69,2.0
105.902,81.437,6.864,3.16,74.83,908.6,902.5867475820796,118.4,106.52509651352992,146.7,922.3,8.76,18.77,1.0
105.907,81.145,6.188,3.29,75.74,892.9,914.7,116.6,109.1,148.0,902.4,8.81,18.76,3.0
105.94,81.194,6.188,3.25,75.76,890.0,916.0,118.7,109.2,147.1,903.5,8.83,18.74,3.0
106.237,81.027,6.968,3.22,74.81,880.2913458253767,926.3,107.3,107.8,146.7,930.5,8.59,18.8,1.0
106.27380145840635,80.617,6.864,3.188311378451911,74.83,878.7879946045472,896.8,118.4,106.7,147.0,926.5,8.84,18.89,1.0
106.068,81.066,6.968,3.14,74.81,919.3,939.3,117.2,109.2,146.9,912.4,8.89,18.68,2.0
106.134,81.435,6.084,2.86,75.67,904.8,919.9,116.9,105.2,146.1,895.8,8.94,18.63,3.0
106.076,82.016,11.128,3.01,75.67,900.0,916.2,113.3,103.3,146.0,884.1,8.78,18.78,4.0
106.323,81.027,6.864,3.1930392196016943,74.81,879.6542523066439,896.8,107.3,106.2,146.0,937.7,8.85,18.75,1.0
106.138,82.007,11.128,2.95,75.66,901.6,917.9,117.8,102.5,146.1,883.2,8.81,18.76,4.0
106.086,82.11,11.128,2.99,75.67,901.4,916.2,116.0,102.3,145.1,880.9,8.85,18.72,3.0
106.015,82.015,11.128,2.95,75.62,899.8,915.3,118.7,102.9,146.1,884.1,8.84,18.72,4.0
106.193,81.325,6.968,3.28,74.81,909.7,927.1,113.3,102.3,145.7,915.5,8.83,18.74,2.0
105.915,81.063,6.188,3.26,75.74,893.3,913.6,116.0,108.2,146.7,896.3,8.86,18.71,3.0
105.948,80.929,6.968,3.19,74.81,905.1,921.0,116.3,105.6,145.7,913.2,8.83,18.73,2.0
106.028,81.427,6.084,2.9,75.64,908.1,922.5,111.2,104.1,145.5,908.9,8.87,18.7,3.0
106.424,81.382,6.968,3.2,74.83,883.0,897.7,119.3,104.8,145.2,921.1,8.81,18.75,1.0
106.038,81.24,6.968,3.19,74.8,909.7,923.8,120.5,106.9,145.5,915.4,8.82,18.75,2.0
106.139,81.288,6.968,3.18,74.82,912.5,927.1,118.4,105.2,145.8,915.1,8.83,18.74,2.0
106.27261733355306,81.162,7.228,3.180203508744836,74.83,885.0171142199259,918.2,118.4,106.2,147.0,933.1,8.81,18.77,1.0
105.933,81.334,6.188,3.32,75.73,890.9,910.8,116.3,107.0,146.1,879.2,8.72,18.84,3.0
106.138,81.997,11.128,2.95,75.67,902.0,916.4,117.5,104.0,145.8,873.0,8.79,18.78,4.0
105.796,80.722,6.968,3.29,74.82,918.0,934.6,116.3,105.9,146.3,896.5,8.81,18.75,2.0
106.157,81.039,6.968,3.13,74.81,921.0,939.3,115.7,107.6,146.2,916.7,8.88,18.69,2.0
106.074,82.027,10.972,2.91,75.64,902.7,916.4,117.8,104.8,145.8,896.8,8.89,18.68,4.0
106.394,81.429,7.124,3.22,74.83,878.0,897.0,118.7,104.3,146.1,916.2,8.82,18.75,2.0
106.049,82.025,11.128,2.92,75.64,900.7,918.4,115.1,105.2,144.9,901.6,8.88,18.69,4.0
106.27492051392998,81.162,6.864,3.16,74.83,903.1,918.2,127.3,106.55326082847316,148.1,933.1,8.59,18.73,1.0
106.012,81.151,6.968,3.16,74.81,907.7,925.2,115.4,106.4,146.3,927.1,8.87,18.7,1.0
106.29,81.307,6.968,3.23,74.81,913.8,927.8,118.7,104.4,146.4,910.6,8.8,18.77,2.0
106.309,81.397,6.968,3.29,74.81,907.3,925.2,114.8,103.4,146.6,908.5,8.81,18.76,2.0
105.505,80.617,6.864,3.1860449324048123,74.81,880.126490793768,896.8,120.5,107.3,146.1,874.6,8.76,18.73,1.0
105.854,81.273,6.292,3.33,75.76,892.8,915.6,117.5,106.8,146.0,893.4,8.82,18.74,3.0
106.323,81.471,6.968,3.190281858647325,74.81,920.274631790828,902.6278484923204,116.9,106.50400283646462,145.6,926.5,8.76,18.76,1.0
105.505,80.411,6.864,3.1938597654949823,74.82,903.1,926.3,118.4,104.3,146.0,917.5,8.59,18.77,1.0
106.105,81.342,6.864,3.22,74.81,909.9,929.5,122.9,105.1,146.0,920.5,8.86,18.7,1.0
105.505,81.362,6.864,3.2,74.82,885.8461669527021,895.3,107.3,106.42825031376216,148.1,922.3,8.85,18.73,1.0
105.762,81.114,6.239999999999999,3.44,75.75,891.8,914.4,113.3,105.6,146.5,872.6,8.73,18.84,3.0
106.4546299228448,81.162,7.124,3.1907323947661186,74.81,879.9526894630551,904.0,120.5,106.53595011910602,148.1,922.3,8.82,18.76,1.0
106.293,81.295,6.968,3.2,74.84,912.1,925.4,121.7,106.9,146.2,912.4,8.85,18.72,2.0
106.153,82.124,11.18,2.95,75.65,900.7,917.9,115.7,104.8,145.7,891.5,8.83,18.73,4.0
106.344,81.239,6.968,3.22,74.82,908.4,923.8,125.2,105.8,146.2,911.2,8.81,18.76,2.0
106.3,81.339,6.968,3.28,74.83,912.0,928.0,115.4,102.5,146.0,911.2,8.77,18.79,2.0
106.053,82.073,11.128,2.89,75.61,904.2,920.1,122.0,106.0,145.4,910.2,8.93,18.64,4.0
106.347,81.315,6.864,3.22,74.78,919.1,937.2,116.6,104.8,146.8,902.4,8.8,18.77,2.0
106.156,82.065,10.972,2.9,75.65,902.5,918.0,122.0,105.8,146.2,886.3,8.86,18.71,4.0
106.237,81.027,6.864,3.185465953285024,74.83,879.6253698400482,904.0,120.5,106.48490402172229,145.9,933.1,8.84,18.76,1.0
105.949,81.252,6.188,3.26,75.73,890.7,911.8,120.2,107.6,146.0,899.8,8.84,18.73,3.0
106.076,81.397,6.084,2.83,75.63,903.6,918.6,116.9,108.0,145.5,917.3,8.98,18.59,4.0
105.944,81.362,6.968,3.1860887509530764,74.81,920.214345025092,926.3,104.6,107.8,146.1,937.7,8.8,18.73,1.0
105.941,81.186,6.188,3.31,75.74,893.1,914.7,123.2,109.6,146.6,892.9,8.77,18.8,3.0
106.065,82.109,11.128,2.96,75.65,899.4,916.6,113.6,102.3,146.1,871.4,8.78,18.78,4.0
105.505,80.617,7.124,3.1871843937100066,74.83,920.6732838437242,896.8,120.5,106.41311196635516,146.7,917.5,8.85,18.76,1.0
106.323,81.027,6.864,3.1835686248526005,74.83,885.8526800709387,904.0,120.5,106.7,145.8,926.5,8.81,18.71,1.0
106.27281229528212,81.362,6.864,3.16,74.82,908.6,895.3,120.5,106.7,148.1,926.5,8.68,18.75,1.0
106.086,82.004,11.18,2.96,75.63,900.5,916.2,121.7,104.2,145.4,889.2,8.86,18.71,4.0
106.059,81.494,6.136,2.89,75.63,903.5,918.2,123.8,106.8,144.8,896.4,8.92,18.65,4.0
106.2,81.327,6.968,3.29,74.81,909.6,925.2,119.6,103.6,145.6,904.8,8.81,18.76,2.0
106.108,81.469,6.084,2.9,75.66,902.7,920.1,117.8,105.8,145.7,903.8,8.97,18.6,4.0
106.07,82.064,11.128,2.96,75.64,901.6,917.3,120.2,104.2,145.6,882.8,8.85,18.72,4.0
105.449,81.058,7.124,3.1758927300074054,74.81,901.6,935.9,113.9,104.3,148.1,874.6,8.81,18.71,1.0
105.449,81.362,6.864,3.1900675355613743,74.83,903.1,918.2,120.5,106.4808419318227,145.6,937.7,8.85,18.75,1.0
106.222,81.36,6.968,3.27,74.82,913.6,929.1,113.0,103.1,145.6,907.8,8.84,18.73,2.0
106.132,81.446,6.084,2.92,75.67,904.6,920.6,111.8,104.1,145.8,886.6,8.86,18.71,4.0
106.078,81.375,6.188,2.88,75.62,904.6,920.4,121.7,105.8,145.9,894.5,8.86,18.71,4.0
106.083,82.04,11.128,2.99,75.64,902.4,916.4,112.4,100.9,146.0,876.0,8.76,18.8,4.0
106.015,81.422,6.188,2.89,75.66,906.0,922.8,116.0,104.7,145.3,910.5,8.94,18.63,4.0
106.47385378388572,81.058,6.864,3.1901888519586685,74.81,879.0866464298329,896.8,113.9,104.3,146.0,922.3,8.85,18.75,1.0
106.287,81.326,6.968,3.22,74.82,884.1,900.9,119.9,105.5,145.9,915.5,8.8,18.77,2.0
106.118,82.065,10.66,2.86,75.61,904.8,918.4,113.6,105.7,145.1,894.4,8.92,18.64,4.0
106.043,81.146,6.968,3.19,74.83,908.4,924.9,115.7,104.3,146.5,921.2,8.88,18.69,2.0
106.254,81.252,6.968,3.2,74.82,916.2,934.5,114.2,104.4,145.4,910.6,8.83,18.74,2.0
105.938,81.13,6.239999999999999,3.35,75.74,894.6,911.0,116.6,105.2,146.1,881.5,8.75,18.81,3.0
106.036,82.063,10.972,2.92,75.6,901.2,915.5,120.2,105.7,145.8,893.4,8.86,18.7,4.0
106.146,81.456,6.188,2.88,75.64,905.7,922.8,115.4,105.9,146.2,895.5,8.94,18.63,4.0
105.902,81.027,6.968,3.1838568331069186,74.82,903.1,935.9,118.4,107.8,145.9,930.5,8.83,18.77,1.0
106.042,81.26,6.188,3.34,75.73,890.4,910.1,113.9,104.0,146.3,881.8,8.76,18.81,3.0
106.076,81.459,6.084,2.84,75.64,907.3,922.1,120.5,107.2,145.8,916.8,9.0,18.57,4.0
105.944,80.617,6.968,3.190302022749315,74.82,908.6,902.6608198108656,127.3,104.9,145.9,926.5,8.85,18.73,1.0
106.33,81.503,6.968,3.24,74.82,912.1,930.0,116.9,104.0,145.7,906.2,8.81,18.76,2.0
106.167,81.185,6.968,3.19,74.83,913.2,926.7,119.0,106.6,145.6,917.0,8.83,18.74,2.0
105.794,81.16,6.188,3.41,75.74,892.6,917.1,115.4,105.2,146.8,887.2,8.76,18.81,3.0
106.062,81.956,11.128,2.97,75.65,901.4,918.2,115.1,102.5,146.3,878.0,8.76,18.8,4.0
106.253,81.357,6.968,3.19,74.82,883.0,899.4,117.5,105.7,145.9,915.0,8.79,18.78,2.0
106.213,81.416,6.084,2.89,75.63,903.5,919.3,119.9,105.3,145.8,891.3,8.86,18.7,4.0
106.136,82.04,10.972,2.9,75.61,900.7,916.7,114.5,105.8,145.7,908.5,8.87,18.7,3.0
106.144,82.103,10.972,2.94,75.62,899.8,918.0,112.7,102.8,145.8,882.7,8.84,18.73,4.0
106.536,81.475,6.968,3.2,74.82,880.4,896.8,113.9,104.7,146.3,915.8,8.8,18.76,2.0
106.371,81.413,6.968,3.17,74.83,883.7,901.1,115.1,105.0,147.6,921.8,8.82,18.75,1.0
106.044,81.441,6.084,2.87,75.6,906.2,923.0,115.7,105.4,146.0,911.3,8.95,18.62,3.0
106.114,81.97,11.128,2.96,75.66,900.5,917.5,116.6,103.6,145.7,880.7,8.84,18.73,4.0
106.497,81.338,6.968,3.18,74.82,912.1,925.8,122.0,105.2,146.3,913.7,8.83,18.74,2.0
105.942,81.23,6.188,3.37,75.73,897.4,914.9,116.6,103.7,145.1,882.0,8.76,18.81,3.0
105.449,81.402,6.864,3.16,74.83,879.2566392882925,902.6167520928594,120.5,107.3,146.0,920.2,8.68,18.71,1.0
105.878,81.238,6.292,3.34,75.74,895.9,913.6,111.2,101.9,147.2,879.6,8.74,18.82,3.0
106.149,81.453,6.136,2.84,75.65,905.9,920.3,126.1,109.5,146.3,907.9,8.88,18.69,4.0
106.275,81.355,6.968,3.23,74.83,907.3,925.6,112.4,102.5,145.8,916.4,8.8,18.77,2.0
105.931,81.264,6.188,3.34,75.72,894.1,913.6,114.8,105.4,147.1,887.4,8.78,18.79,3.0
106.199,81.381,6.968,3.21,74.81,912.1,929.1,118.7,105.4,147.4,912.4,8.84,18.73,2.0
106.072,81.376,6.084,2.88,75.64,905.3,919.7,120.8,107.9,146.1,899.6,8.96,18.61,4.0
106.04,82.072,11.128,2.87,75.65,901.4,916.2,122.9,105.7,145.4,909.4,8.97,18.6,4.0
105.884,81.274,6.188,3.33,75.78,893.9,913.2,111.2,104.1,146.8,896.7,8.8,18.76,3.0
105.905,81.25,6.188,3.32,75.74,891.5,911.0,117.5,105.9,147.0,885.5,8.71,18.85,3.0
106.244,81.408,6.968,3.22,74.8,910.7,928.0,118.4,105.8,148.6,915.4,8.79,18.78,2.0
105.795,81.064,6.188,3.55,75.72,892.6,914.4,119.9,102.3,145.8,849.7,8.66,18.91,3.0
105.845,81.182,6.188,3.35,75.74,890.7,911.8,116.0,105.5,146.6,889.1,8.72,18.85,3.0
105.998,81.337,6.188,3.24,75.72,889.8,911.4,124.1,109.6,145.3,904.3,8.81,18.76,2.0
106.083,81.421,6.188,2.83,75.64,903.5,919.7,120.2,108.0,144.9,914.4,8.98,18.59,4.0
106.208,81.241,6.968,3.2,74.82,906.8,925.1,114.2,104.7,146.1,916.0,8.79,18.77,2.0
106.425,81.41,6.968,3.23,74.82,878.7,898.1,114.2,104.3,147.9,924.5,8.81,18.76,1.0
106.324,81.329,7.02,3.2,74.82,912.3,929.7,115.7,105.4,146.8,917.9,8.84,18.73,2.0
106.326,81.374,6.968,3.28,74.81,916.0,934.6,117.8,102.2,147.1,903.3,8.75,18.82,2.0
106.376,81.285,6.968,3.2,74.81,911.6,926.5,121.7,106.3,145.3,911.5,8.86,18.71,2.0
106.275,81.287,6.968,3.23,74.81,910.8,928.2,118.1,104.4,146.5,916.5,8.83,18.74,2.0
105.842,81.082,6.188,3.37,75.76,894.2,917.1,114.5,105.8,148.3,881.3,8.74,18.83,3.0
106.275,81.284,6.968,3.2,74.82,914.0,927.6,115.4,105.0,145.2,916.7,8.81,18.76,2.0
106.46,81.547,6.968,3.19,74.83,882.8,900.1,115.1,103.6,145.4,926.6,8.83,18.74,2.0
105.934,81.229,6.292,3.34,75.71,889.3,914.9,123.5,109.4,147.7,892.6,8.76,18.8,3.0
106.014,81.995,11.128,2.92,75.62,900.9,918.2,116.9,103.5,145.2,888.8,8.85,18.72,4.0
105.781,80.99,6.292,3.46,75.74,891.8,918.6,118.4,104.9,146.3,868.1,8.74,18.83,3.0
106.191,81.338,6.968,3.26,74.81,912.5,928.2,116.3,102.8,147.1,911.4,8.79,18.78,2.0
106.478,81.362,6.968,3.22,74.82,879.1,895.3,120.5,104.3,145.6,917.5,8.8,18.77,1.0
106.478,81.33,6.968,3.22,74.8,876.7,895.2,114.8,104.2,147.1,926.1,8.84,18.73,1.0
106.009,81.354,6.292,3.29,75.73,890.7,911.2,117.5,106.2,145.0,891.1,8.77,18.8,3.0
105.881,81.231,6.239999999999999,3.37,75.73,893.1,913.1,118.4,107.0,145.7,888.5,8.77,18.8,2.0
106.061,81.409,6.24,2.88,75.63,905.7,922.1,119.9,106.8,146.2,904.4,8.97,18.6,4.0
106.253,81.296,6.968,3.21,74.83,912.1,930.4,116.9,105.8,147.0,912.0,8.82,18.75,2.0
106.223,81.337,6.968,3.26,74.81,913.1,927.1,113.0,102.9,145.3,912.6,8.77,18.8,2.0
105.859,81.073,6.188,3.35,75.76,894.1,914.9,117.8,106.4,146.2,913.9,8.82,18.74,3.0
105.834,81.021,6.292,3.25,75.74,891.5,912.5,117.2,108.0,146.0,904.9,8.89,18.68,4.0
106.083,81.464,6.084,2.85,75.59,904.9,919.5,116.9,107.3,145.6,923.4,8.99,18.58,4.0
106.205,81.295,6.968,3.24,74.81,908.6,926.3,116.6,103.0,146.1,908.6,8.79,18.77,2.0
106.48662706605106,81.437,6.864,3.16,74.83,908.6,938.2,120.5,107.8,145.6,920.2,8.59,18.72,1.0
105.9,81.28,6.188,3.26,75.73,896.1,913.6,123.8,107.9,145.1,899.5,8.8,18.76,3.0
105.754,81.058,6.292,3.52,75.77,893.3,914.9,111.2,102.9,146.9,873.6,8.69,18.88,3.0
106.132,81.361,7.124,3.16,74.83,908.8,924.7,116.0,106.0,145.3,927.6,8.85,18.72,1.0
105.978,81.245,6.239999999999999,3.28,75.71,891.3,910.7,118.7,105.3,146.9,895.8,8.77,18.8,3.0
105.505,81.362,6.968,3.16,74.81,919.4097910069526,935.9,113.9,104.9,145.6,930.5,8.59,18.73,1.0
106.078,82.12,11.128,2.92,75.63,901.8,918.2,112.1,103.4,146.2,913.2,8.94,18.62,4.0
105.978,80.894,6.968,3.15,74.81,921.2,938.5,120.2,109.9,146.8,913.6,8.86,18.71,2.0
105.767,80.882,6.968,3.29,74.82,897.4,913.4,113.9,102.1,147.0,915.8,8.82,18.75,2.0
106.216,81.33,6.968,3.22,74.8,917.5,936.7,114.5,103.0,146.3,914.2,8.83,18.73,2.0
106.136,81.18,6.968,3.21,74.8,911.4,927.8,111.8,103.8,146.5,912.1,8.82,18.75,2.0
106.105,81.219,6.968,3.19,74.8,910.3,927.5,120.2,104.1,145.2,919.5,8.85,18.72,1.0
106.129,81.388,6.084,2.87,75.64,906.6,922.1,119.3,106.1,144.9,892.7,8.93,18.64,4.0
105.505,81.437,6.864,3.16,74.83,885.3145682230514,935.9,120.5,104.3,147.0,933.1,8.81,18.72,1.0
106.241,81.379,6.968,3.21,74.8,913.8,929.9,112.4,104.3,145.9,920.9,8.83,18.73,2.0
106.035,81.427,6.188,2.88,75.67,905.7,921.0,119.9,106.5,146.6,897.3,8.89,18.67,4.0
106.27471631804038,80.617,6.864,3.16,74.83,903.1,935.9,120.5,104.9,146.1,882.3,8.68,18.73,1.0
105.803,80.954,6.968,3.19,74.81,901.1,915.8,118.7,105.9,145.2,919.8,8.89,18.67,2.0
105.934,81.115,6.292,3.34,75.73,890.9,912.0,117.2,106.3,146.9,881.0,8.75,18.82,3.0
105.989,81.227,6.188,3.4,75.73,890.0,908.8,113.6,103.6,146.8,886.4,8.77,18.8,3.0
105.973,81.26,6.292,3.43,75.72,896.5,912.9,118.7,103.5,145.4,864.6,8.71,18.86,3.0
106.325,81.422,6.864,3.16,74.81,913.1,929.3,119.9,105.7,145.4,919.0,8.84,18.73,2.0
105.97,81.284,6.292,3.33,75.73,890.2,915.8,111.5,102.0,145.7,889.7,8.77,18.79,3.0
105.505,81.027,6.864,3.180290956323508,74.82,908.6,935.9,120.5,106.2,145.9,882.3,8.83,18.89,1.0
105.933,81.288,6.292,3.4,75.71,890.5,911.8,115.7,101.9,145.5,874.8,8.7,18.87,3.0
106.084,82.011,11.128,2.99,75.64,900.1,916.9,111.5,101.7,145.5,872.3,8.74,18.83,4.0
106.15,81.241,6.968,3.2,74.82,908.4,926.7,113.3,103.8,146.4,920.1,8.84,18.73,2.0
105.944,81.402,7.228,3.16,74.83,908.6,938.2,120.5,104.9,145.9,917.5,8.85,18.89,1.0
105.963,81.02,7.124,3.16,74.81,908.6,921.7,128.5,110.2,146.2,922.2,8.88,18.69,2.0
106.46461662994312,81.471,6.968,3.16,74.82,886.9,904.0,113.9,104.3,147.0,882.3,8.83,18.73,1.0
106.106,81.145,6.968,3.17,74.81,909.4,923.8,113.0,105.4,145.7,929.3,8.85,18.71,1.0
105.878,81.018,6.968,3.13,74.81,921.2,937.0,118.7,110.9,146.0,918.0,8.87,18.7,2.0
106.041,81.561,6.084,2.9,75.61,906.8,922.3,119.6,106.7,145.9,896.9,8.94,18.63,4.0
105.449,81.402,7.228,3.16,74.82,908.6,935.9,116.9,106.7,145.8,874.6,8.84,18.77,1.0
106.229,81.428,6.968,3.29,74.83,912.1,926.5,112.4,102.8,146.5,902.3,8.79,18.78,2.0
106.13,81.316,6.968,3.21,74.8,908.6,924.7,117.8,106.9,146.2,912.7,8.8,18.76,2.0
106.127,82.159,11.128,2.96,75.66,901.1,915.3,114.2,104.2,145.7,885.9,8.88,18.69,4.0
106.113,82.038,11.128,2.94,75.64,902.5,918.8,113.0,104.8,146.3,885.4,8.83,18.74,4.0
106.066,81.207,6.864,3.19,74.8,907.9,923.9,119.6,106.2,145.9,917.3,8.83,18.73,1.0
106.4761843026486,80.617,7.124,3.16,74.83,886.9,904.0,116.9,104.3,145.6,922.3,8.82,18.73,1.0
106.253,81.379,6.968,3.22,74.85,913.8,928.9,119.0,105.0,146.8,908.0,8.83,18.74,2.0
105.945,81.215,6.188,3.44,75.73,895.9,913.6,110.6,102.4,147.0,870.8,8.72,18.85,3.0
106.237,81.162,6.864,3.18,74.81,908.6,926.3,113.9,104.9,146.0,937.7,8.85,18.72,1.0
106.4638865605136,81.058,6.864,3.22,74.82,903.1,901.9795217856828,120.5,106.2,145.9,930.5,8.85,18.73,1.0
106.037,81.485,6.084,2.87,75.66,905.5,921.2,114.8,105.1,146.9,895.0,8.88,18.68,4.0
106.18,81.446,6.968,3.27,74.83,909.2,926.3,112.4,102.9,145.5,917.5,8.8,18.76,2.0
106.312,81.399,6.968,3.14,74.8,883.5,900.7,127.0,107.4,145.8,930.5,8.9,18.67,2.0
106.082,82.095,11.128,2.93,75.62,902.9,921.2,120.2,105.0,147.0,894.0,8.86,18.71,4.0
106.27437709003512,80.617,6.864,3.16,74.82,879.2377801132947,902.4543685173918,120.5,104.3,146.7,922.3,8.83,18.71,1.0
106.136,82.144,11.128,2.92,75.64,901.8,918.2,118.1,105.2,146.8,895.2,8.89,18.67,4.0
106.368,81.31,6.968,3.3,74.81,910.7,928.7,115.1,102.6,145.6,904.1,8.78,18.78,2.0
105.911,81.155,6.188,3.35,75.75,890.4,911.2,113.6,106.5,148.0,896.0,8.82,18.75,3.0
106.084,81.316,6.968,3.23,74.81,910.8,925.8,119.6,104.4,145.7,912.8,8.85,18.72,2.0
106.044,82.039,11.128,2.99,75.62,900.5,918.0,114.5,103.6,145.7,873.9,8.8,18.77,4.0
106.27593707319102,81.058,6.864,3.22,74.83,903.1,938.2,118.4,104.9,146.0,930.5,8.8,18.72,1.0
106.258,81.341,6.968,3.22,74.81,913.6,928.6,115.1,106.5,146.3,912.5,8.84,18.72,2.0
106.14,81.943,11.128,2.88,75.61,900.9,917.5,115.4,106.7,145.4,895.8,8.9,18.67,4.0
106.16,81.975,11.128,3.02,75.64,900.9,917.7,111.8,102.5,145.1,866.8,8.8,18.77,4.0
106.149,81.5,6.084,2.88,75.65,905.5,921.2,115.4,105.6,145.1,899.1,8.91,18.66,4.0
105.942,81.137,6.968,3.14,74.82,908.1,924.3,116.6,106.8,145.5,927.4,8.87,18.7,2.0
106.258,81.229,6.968,3.19,74.82,910.3,928.0,122.3,106.1,145.6,913.8,8.84,18.73,2.0
106.133,81.09,7.851999999999999,3.13,74.81,920.1,938.9,119.6,109.0,145.7,916.2,8.88,18.68,2.0
105.951,81.332,6.292,3.34,75.74,889.3,914.0,119.6,103.8,145.5,895.4,8.76,18.81,3.0
106.278,81.33,7.02,3.25,74.8,917.3,934.3,117.5,104.6,146.9,916.7,8.83,18.74,2.0
106.07,82.063,11.128,3.01,75.61,900.7,915.3,113.3,103.7,145.6,876.4,8.82,18.75,4.0
106.03,82.067,11.128,2.98,75.64,901.2,917.3,116.6,103.8,146.8,871.0,8.75,18.82,4.0
105.758,80.864,6.968,3.23,74.81,900.9,915.5,116.6,104.1,146.4,918.6,8.78,18.78,2.0
105.817,81.181,6.188,3.27,75.72,889.6,910.7,115.1,106.9,146.3,899.0,8.81,18.75,3.0
106.105,81.468,6.084,2.84,75.63,906.0,919.7,119.9,107.6,145.6,917.0,8.97,18.6,4.0
106.142,81.524,6.24,2.9,75.63,902.5,918.4,119.6,104.4,145.1,896.3,8.9,18.66,4.0
106.045,82.069,11.128,2.96,75.65,900.7,917.1,113.9,102.8,145.4,896.3,8.9,18.67,4.0
106.064,82.049,11.128,2.93,75.62,901.1,915.8,120.5,105.0,145.9,893.4,8.9,18.67,4.0
106.258,81.255,6.968,3.2,74.81,910.7,927.6,120.2,105.5,145.6,914.9,8.83,18.74,2.0
105.982,81.292,6.188,3.29,75.75,890.2,912.3,121.4,106.8,145.1,888.3,8.75,18.82,3.0
106.181,81.424,6.968,3.25,74.81,911.6,926.0,112.1,104.0,145.7,908.1,8.85,18.72,2.0
105.83,81.08,6.188,3.41,75.73,892.6,916.6,119.3,105.5,146.2,874.9,8.73,18.84,3.0
106.104,81.552,7.384,2.92,75.6,903.1,921.4,114.8,104.6,148.6,893.3,8.87,18.69,4.0
105.993,81.233,6.292,3.31,75.74,894.2,914.7,119.6,105.4,146.2,892.8,8.76,18.81,3.0
105.505,81.343,6.968,3.22,74.82,879.5888493233203,896.8,107.3,106.50958127667064,145.8,920.2,8.82,18.75,1.0
105.98,81.261,6.292,3.32,75.73,897.6,915.1,110.9,104.0,145.7,892.8,8.79,18.78,3.0
106.096,82.145,11.128,2.96,75.64,901.2,915.6,113.6,104.0,146.6,892.1,8.85,18.71,4.0
105.794,81.14,6.292,3.34,75.74,893.3,915.1,116.9,106.5,146.2,875.6,8.76,18.81,3.0
105.797,80.802,6.864,3.2,74.8,917.3,936.5,117.8,107.8,145.5,921.8,8.86,18.71,2.0
106.071,81.139,6.968,3.23,74.8,907.9,924.9,114.2,103.5,146.5,910.3,8.79,18.78,2.0
105.449,80.617,6.864,3.2,74.81,908.6,919.9,107.3,107.8,148.1,930.5,8.82,18.76,1.0
106.218,81.324,6.968,3.2,74.81,916.7,933.4,117.2,106.0,146.3,912.6,8.79,18.78,2.0
106.402,81.354,6.864,3.2,74.82,917.3,934.3,117.2,105.3,145.4,910.0,8.86,18.71,2.0
106.136,81.127,7.851999999999999,3.11,74.82,916.4,939.4,120.5,109.4,145.3,930.0,8.94,18.63,2.0
106.27386105587206,80.617,7.124,3.22,74.81,919.8368116453726,926.3,104.6,107.8,145.9,874.6,8.59,18.75,1.0
105.905,81.208,6.292,3.32,75.71,891.7,912.7,115.7,101.7,144.9,895.7,8.9,18.67,4.0
106.247,81.338,6.864,3.19,74.82,918.6,935.0,113.9,104.6,145.3,916.2,8.83,18.74,2.0
106.323,81.343,6.864,3.18164201641677,74.81,919.727678286632,918.2,118.4,104.3,146.1,933.1,8.82,18.71,1.0
106.128,81.233,6.864,3.17,74.82,909.9,926.3,119.9,106.6,145.1,913.3,8.87,18.7,2.0
106.139,82.048,11.128,2.92,75.64,902.5,920.1,121.1,106.6,145.6,887.7,8.86,18.7,4.0
105.902,81.162,6.864,3.16,74.83,885.6531199402178,918.2,107.3,104.3,147.0,923.9,8.83,18.71,1.0
106.236,81.365,6.864,3.22,74.79,918.2,935.0,114.8,102.4,146.3,913.3,8.83,18.74,2.0
106.107,81.384,6.864,3.2,74.81,911.8,927.8,116.6,104.7,145.6,906.7,8.82,18.75,2.0
106.045,81.46,6.084,2.89,75.61,902.9,917.7,113.0,104.0,145.9,907.4,8.86,18.7,3.0
106.398,81.312,6.864,3.25,74.82,920.6,938.7,113.0,102.3,145.9,912.7,8.85,18.72,2.0
106.244,81.321,6.968,3.3,74.8,909.9,925.8,113.0,102.7,146.0,906.6,8.78,18.78,2.0
106.124,81.251,6.968,3.25,74.8,909.2,923.9,117.2,105.3,145.7,912.0,8.8,18.77,2.0
106.316,81.441,7.124,3.25,74.81,910.3,927.8,111.5,103.5,145.3,908.1,8.81,18.76,2.0
106.46427292821626,80.411,6.864,3.1899140863701323,74.82,908.6,918.2,120.5,106.48645096823525,148.1,882.3,8.76,18.77,1.0
106.288,81.394,6.968,3.25,74.83,922.3,940.2,113.0,104.0,146.7,912.4,8.81,18.75,2.0
105.832,80.971,6.968,3.2,74.8,901.6,919.9,117.2,104.6,145.9,916.3,8.83,18.74,2.0
106.277,81.464,7.124,3.16,74.81,883.2,900.0,117.5,106.6,145.9,926.2,8.85,18.72,1.0
106.274739059901,81.162,7.228,3.1779406842269857,74.83,879.7630138050932,904.0,120.5,106.7,145.6,933.1,8.85,18.73,1.0
105.859,81.155,6.188,3.31,75.74,892.2,913.8,127.0,106.9,145.8,886.5,8.75,18.82,3.0
106.29,81.198,6.968,3.23,74.81,908.4,926.7,125.2,105.5,145.9,909.9,8.8,18.77,2.0
105.944,80.411,6.864,3.16,74.81,920.8398389861608,926.3,120.5,104.3,145.9,920.2,8.68,18.77,1.0
105.918,81.165,6.188,3.31,75.74,889.6,914.5,118.1,107.1,145.9,888.9,8.76,18.81,3.0
105.811,81.084,6.188,3.39,75.74,891.1,916.4,116.0,104.8,145.9,885.3,8.75,18.81,3.0
106.458,81.471,7.228,3.2,74.82,879.8,896.8,127.3,106.2,145.9,923.9,8.82,18.75,1.0
106.46485436986428,81.437,6.968,3.197084137350969,74.81,903.1,904.0,120.5,106.53032551088889,145.6,922.3,8.85,18.75,1.0
106.44547799139782,81.362,6.864,3.1978682397212697,74.83,878.8438011574481,938.2,120.5,104.9,147.0,920.2,8.8,18.75,1.0
106.308,81.435,6.968,3.16,74.81,881.5,899.2,119.6,105.0,147.1,921.9,8.81,18.76,1.0
106.151,81.486,6.084,2.87,75.65,905.3,920.1,119.3,105.9,146.2,895.6,8.92,18.65,4.0
105.963,81.193,6.968,3.17,74.8,908.8,923.4,116.3,106.9,147.7,925.7,8.86,18.71,1.0
105.913,81.169,6.188,3.31,75.74,891.8,912.7,118.4,106.1,146.3,881.8,8.78,18.79,4.0
106.145,81.653,7.644,2.89,75.62,905.1,918.8,116.3,105.3,145.5,898.1,8.82,18.74,4.0
106.463,81.413,6.968,3.19,74.82,880.2,897.7,118.1,106.1,145.5,920.6,8.78,18.78,1.0
106.358,81.445,6.968,3.19,74.81,882.1,900.0,115.1,104.6,145.4,931.0,8.88,18.68,2.0
106.052,81.969,11.128,2.9,75.63,899.0,917.5,119.3,106.0,148.1,892.4,8.88,18.69,4.0
106.282,81.294,6.968,3.32,74.81,917.5,937.8,114.2,101.5,146.8,892.9,8.74,18.83,2.0
106.013,81.09,6.968,3.17,74.8,907.2,923.9,114.8,106.5,146.0,914.7,8.83,18.74,2.0
106.107,82.038,10.972,2.95,75.62,903.5,917.5,116.0,104.0,145.4,885.6,8.88,18.68,4.0
106.026,81.456,6.084,2.87,75.63,906.8,922.5,122.3,106.6,144.9,905.6,8.92,18.65,4.0
106.053,82.114,11.128,2.97,75.64,903.3,920.1,110.6,103.4,145.9,888.0,8.89,18.67,4.0
106.155,81.333,6.968,3.29,74.82,908.3,926.5,119.0,103.2,146.4,905.3,8.79,18.77,2.0
106.017,80.955,6.968,3.12,74.81,921.0,937.0,125.2,111.0,145.5,915.6,8.86,18.71,2.0
105.904,81.226,6.292,3.34,75.73,895.5,913.8,115.1,104.1,146.1,889.1,8.76,18.81,3.0
106.008,81.25,7.124,3.18,74.82,909.2,925.4,112.7,104.5,146.0,924.2,8.85,18.72,1.0
105.913,81.266,6.188,3.43,75.73,889.8,909.6,114.5,100.9,145.8,868.9,8.72,18.85,3.0
105.999,81.07,7.851999999999999,3.1,74.81,921.2,937.0,126.7,111.1,146.2,925.3,8.9,18.67,2.0
106.06,82.069,11.128,2.98,75.65,901.1,917.7,110.9,101.5,146.5,880.5,8.81,18.75,4.0
105.918,81.324,6.292,3.29,75.74,895.2,913.1,115.7,106.7,146.3,895.2,8.81,18.76,3.0
106.082,82.112,10.972,2.99,75.64,903.3,916.9,115.1,104.1,145.3,882.1,8.82,18.75,4.0
106.1,82.096,11.128,2.92,75.63,903.1,920.3,114.2,104.2,145.9,884.1,8.76,18.8,4.0
106.063,82.033,10.868,2.87,75.65,902.2,918.4,118.7,105.5,144.8,900.5,8.92,18.65,4.0
106.11,82.066,11.128,3.02,75.62,901.4,918.6,109.4,101.2,145.3,862.5,8.76,18.81,3.0
105.926,81.309,6.239999999999999,3.35,75.73,895.3,913.6,113.3,103.2,145.6,880.6,8.77,18.8,3.0
106.073,82.085,11.128,3.05,75.62,899.6,916.4,116.6,100.2,145.9,869.3,8.76,18.81,4.0
106.175,81.953,11.128,2.96,75.65,900.1,916.2,115.7,104.8,146.5,898.0,8.92,18.65,4.0
106.256,81.421,6.968,3.28,74.83,908.6,925.2,111.8,103.2,146.4,909.1,8.8,18.76,2.0
106.05,82.083,11.128,3.01,75.65,900.3,917.1,119.3,102.2,146.5,879.2,8.78,18.78,4.0
106.11,82.066,11.128,2.94,75.65,900.3,915.8,119.3,104.7,145.4,888.7,8.85,18.72,4.0
106.078,81.948,11.128,2.99,75.63,901.6,918.8,113.0,103.3,145.7,883.4,8.86,18.71,4.0
106.211,81.356,6.968,3.19,74.81,913.2,929.3,116.6,104.9,145.6,921.9,8.82,18.75,2.0
106.27414651058466,80.617,6.968,3.16,74.81,908.6,919.9,120.5,106.37023838981888,147.0,930.5,8.84,18.71,1.0
106.4537481165243,81.343,6.864,3.1812043187475285,74.82,919.281490680268,904.0,127.3,106.47795079942878,147.0,882.3,8.8,18.73,1.0
105.967,81.126,7.02,3.22,74.83,907.7,923.8,119.6,104.4,145.7,917.6,8.83,18.73,2.0
106.068,81.313,7.124,3.2,74.81,911.0,929.5,114.8,104.6,145.7,923.7,8.83,18.73,2.0
106.237,81.402,6.864,3.190081784485884,74.81,886.9,902.7623253550414,113.9,104.9,147.0,917.5,8.81,18.75,1.0
105.946,81.144,6.188,3.27,75.77,890.9,912.5,117.2,108.6,146.1,902.5,8.82,18.75,3.0
106.521,81.371,6.968,3.17,74.82,881.0,898.5,120.8,106.5,146.1,930.5,8.93,18.64,2.0
106.289,81.35,6.968,3.22,74.83,913.1,929.5,113.3,102.3,146.3,908.7,8.83,18.74,2.0
106.045,82.007,10.504,2.88,75.62,904.8,921.4,117.5,106.7,145.5,898.1,8.9,18.67,4.0
106.237,81.402,6.864,3.2,74.81,879.4671075689242,938.2,116.9,106.57970029067974,145.9,882.3,8.82,18.75,1.0
105.782,80.787,6.968,3.28,74.82,915.6,933.5,114.5,105.0,145.5,905.8,8.83,18.74,2.0
106.088,82.045,11.18,2.98,75.61,900.9,918.4,109.7,101.9,145.6,867.3,8.79,18.78,4.0
106.221,81.328,6.968,3.25,74.81,908.6,927.1,115.7,103.0,146.8,906.9,8.81,18.76,2.0
106.124,82.144,11.128,2.99,75.62,900.3,916.4,115.1,101.4,145.2,872.9,8.78,18.79,4.0
105.449,81.343,6.968,3.180028975790353,74.82,920.672030829775,904.0,127.3,104.3,147.6,874.6,8.81,18.71,1.0
105.944,81.471,6.864,3.22,74.81,886.9,904.0,120.5,106.55781664610942,145.6,920.2,8.59,18.71,1.0
106.46058806551189,81.437,6.864,3.198863133065032,74.81,878.8286026055946,904.0,116.9,106.2,145.8,933.1,8.83,18.8,1.0
106.079,82.145,11.128,2.95,75.61,900.3,916.4,110.3,101.5,145.3,874.7,8.85,18.72,4.0
106.016,81.58,6.084,2.86,75.64,902.7,922.5,116.3,108.5,146.3,906.9,8.92,18.65,4.0
105.804,81.234,6.292,3.29,75.75,889.8,915.6,116.3,107.3,146.1,906.1,8.8,18.76,3.0
106.204,81.322,6.864,3.24,74.83,912.3,930.2,112.7,101.4,147.4,902.5,8.81,18.76,2.0
106.02,81.096,6.968,3.14,74.81,907.9,923.9,116.6,107.2,146.3,917.7,8.84,18.73,2.0
106.121,82.042,11.128,2.95,75.64,903.5,919.7,113.6,102.4,145.5,876.1,8.76,18.81,4.0
106.258,81.149,6.864,3.17,74.83,909.0,925.8,116.0,106.5,145.9,923.1,8.87,18.7,1.0
106.185,81.368,6.968,3.2,74.82,912.7,925.4,115.4,104.7,147.6,919.5,8.86,18.71,2.0
105.449,81.437,6.968,3.16,74.83,908.6,918.2,120.5,107.3,147.6,937.7,8.76,18.89,1.0
106.191,81.22,6.864,3.2,74.83,910.8,925.2,120.2,105.5,145.7,919.0,8.83,18.74,1.0
106.171,81.372,6.968,3.23,74.82,908.6,926.0,121.1,104.2,145.6,911.4,8.8,18.77,2.0
106.264,81.316,6.968,3.25,74.8,912.3,929.1,112.1,103.2,147.6,911.9,8.85,18.72,2.0
106.028,82.05,11.128,2.93,75.64,900.1,916.7,116.9,105.0,145.7,898.0,8.9,18.67,4.0
105.897,81.3,6.292,3.26,75.76,890.7,914.9,116.0,106.2,144.9,903.5,8.82,18.75,3.0
106.107,81.457,6.084,2.87,75.65,904.9,919.7,114.8,105.6,146.1,899.7,8.95,18.62,4.0
106.097,82.092,10.972,3.0,75.63,900.3,916.0,115.1,102.7,146.2,885.4,8.81,18.75,3.0
106.27268351765008,81.362,6.968,3.16,74.82,885.1152200160644,935.9,118.4,107.8,147.6,926.5,8.85,18.75,1.0
106.053,81.509,6.136,2.83,75.64,904.2,919.7,117.8,108.1,146.7,891.9,8.87,18.7,4.0
106.4873969501806,81.471,6.864,3.22,74.82,885.2984746225802,926.3,107.3,106.41873617761064,145.9,937.7,8.68,18.75,1.0
106.074,81.976,11.024,2.98,75.62,900.7,916.2,114.2,102.8,145.5,878.6,8.82,18.75,4.0
105.827,81.127,6.188,3.35,75.74,891.5,913.2,116.0,107.2,147.3,879.5,8.76,18.81,3.0
105.449,81.402,6.968,3.16,74.82,919.8717659741152,935.9,120.5,106.39543665742596,146.1,874.6,8.85,18.8,1.0
105.826,80.943,6.968,3.23,74.81,900.1,915.3,120.2,105.5,145.9,912.0,8.82,18.74,2.0
106.05,81.389,6.968,3.21,74.79,911.4,925.8,118.1,107.7,146.3,914.1,8.83,18.73,2.0
105.984,81.222,6.292,3.37,75.73,894.1,914.5,115.4,103.7,145.6,877.6,8.67,18.89,3.0
106.009,81.276,6.292,3.24,75.72,890.4,910.5,122.3,109.2,147.3,887.6,8.73,18.83,3.0
105.916,81.256,6.239999999999999,3.34,75.75,893.3,913.2,117.5,105.0,146.3,896.8,8.79,18.78,3.0
106.056,81.973,11.128,2.97,75.63,900.0,915.5,111.2,102.0,145.5,880.8,8.83,18.74,4.0
106.343,81.422,6.968,3.16,74.83,882.2,899.4,116.0,107.1,146.0,923.6,8.85,18.72,2.0
106.02,82.056,11.128,2.92,75.59,901.4,915.8,114.5,104.7,146.6,896.3,8.87,18.7,4.0
105.968,81.029,6.968,3.16,74.83,907.0,922.7,116.3,104.7,146.9,919.0,8.86,18.7,2.0
106.367,81.399,6.968,3.2,74.8,914.0,928.7,113.3,103.3,146.2,911.9,8.85,18.72,2.0
106.038,81.964,11.128,2.93,75.65,901.4,918.6,119.9,105.9,145.4,899.1,8.92,18.65,4.0
106.011,81.31,6.188,3.26,75.73,894.8,912.9,120.5,106.4,144.8,900.5,8.77,18.8,3.0
106.093,81.486,6.084,2.85,75.63,904.0,919.1,115.1,105.1,145.6,894.5,8.89,18.68,4.0
106.287,81.349,6.968,3.27,74.81,921.2,937.6,112.7,101.8,145.7,907.6,8.8,18.77,2.0
105.825,81.131,6.188,3.3,75.76,890.4,911.8,118.1,109.4,145.6,897.3,8.78,18.78,3.0
106.427,81.306,7.124,3.22,74.81,881.1,896.8,112.1,103.8,146.5,904.7,8.81,18.76,2.0
106.108,81.398,6.084,2.86,75.63,904.4,921.0,123.8,106.0,146.4,898.6,8.97,18.6,4.0
105.449,81.402,6.864,3.16,74.83,885.557068692163,919.9,116.9,106.7,145.8,937.7,8.68,18.73,1.0
106.196,81.337,7.124,3.21,74.8,912.9,927.3,117.2,106.5,145.4,910.6,8.81,18.76,2.0
106.474,81.398,6.968,3.22,74.8,879.3,896.1,113.3,102.7,145.6,930.6,8.82,18.75,1.0
106.414,81.411,7.124,3.18,74.81,881.0,897.7,115.4,105.6,145.2,926.1,8.82,18.75,1.0
105.883,81.312,6.188,3.34,75.77,889.3,909.2,117.5,107.3,144.9,890.9,8.77,18.8,3.0
106.087,81.958,10.66,2.89,75.64,903.8,919.0,119.3,107.6,145.0,898.5,8.85,18.72,4.0
106.21,81.397,6.968,3.19,74.81,913.2,927.5,120.8,103.8,146.7,916.2,8.84,18.73,2.0
105.938,81.292,6.239999999999999,3.34,75.7,895.3,916.2,116.9,106.5,145.4,886.8,8.81,18.76,3.0
105.832,81.18,6.239999999999999,3.33,75.73,892.2,913.2,114.8,106.1,146.2,881.9,8.72,18.85,3.0
106.09,81.477,6.084,2.87,75.62,907.3,922.3,116.3,105.9,145.5,901.3,8.94,18.62,4.0
106.18,81.385,6.968,3.18,74.8,884.3,902.9,114.2,106.2,145.4,911.0,8.83,18.74,2.0
106.062,82.054,11.128,2.89,75.61,902.2,916.2,116.0,106.6,145.7,899.2,8.9,18.66,3.0
106.098,82.028,11.128,2.9,75.65,900.0,918.6,116.0,105.1,146.6,894.7,8.88,18.69,4.0
106.285,81.421,6.968,3.2,74.8,909.4,926.2,113.3,105.7,146.2,913.0,8.84,18.73,2.0
106.304,81.392,6.864,3.29,74.82,911.6,926.0,117.2,102.1,145.3,903.0,8.8,18.77,2.0
106.278,81.468,6.864,3.24,74.81,906.4,925.1,122.6,104.5,145.3,906.0,8.86,18.71,2.0
105.834,80.956,6.292,3.41,75.74,895.0,913.2,113.6,104.1,146.3,866.3,8.67,18.9,3.0
106.088,81.408,6.084,2.85,75.62,904.0,919.5,117.5,105.9,146.0,894.8,8.88,18.69,4.0
105.968,81.034,6.864,3.14,74.83,921.4,938.9,120.2,110.5,148.4,917.2,8.87,18.7,2.0
106.278,81.327,6.864,3.27,74.82,911.0,928.0,113.6,102.2,147.1,900.0,8.79,18.78,2.0
106.088,81.441,6.084,2.87,75.64,905.5,922.8,123.2,106.4,145.4,907.5,8.95,18.61,4.0
106.384,81.398,6.968,3.24,74.8,909.6,926.2,114.5,104.3,146.6,912.1,8.76,18.81,2.0
106.091,81.983,11.128,2.99,75.62,901.1,916.7,113.6,102.3,144.9,886.8,8.85,18.72,4.0
106.1,81.417,6.188,2.86,75.64,906.6,923.4,117.5,106.2,146.7,901.6,8.89,18.68,4.0
106.079,81.413,6.084,2.86,75.65,904.6,921.5,122.3,105.8,145.6,900.1,8.96,18.61,4.0
106.27116126451516,80.411,6.968,3.187625189408011,74.83,908.6,926.3,120.5,106.7,145.6,933.1,8.83,18.73,1.0
106.096,81.382,6.084,2.9,75.66,904.4,919.5,116.0,106.6,145.8,895.4,8.9,18.67,4.0
106.242,81.308,6.968,3.22,74.81,912.9,928.2,113.9,105.0,145.9,910.2,8.81,18.76,2.0
106.257,81.328,6.968,3.22,74.8,911.0,925.4,115.4,106.1,146.0,914.7,8.86,18.71,2.0
105.959,81.213,6.292,3.3,75.75,894.4,914.2,116.0,106.7,146.5,883.3,8.72,18.85,3.0
105.863,80.766,6.864,3.4,74.82,916.2,935.6,118.1,104.7,147.1,896.6,8.78,18.78,2.0
105.449,81.343,6.864,3.1884218313767705,74.82,908.6,895.3,120.5,107.8,147.6,926.5,8.83,18.8,1.0
106.117,82.044,11.128,2.93,75.64,900.9,918.2,118.7,104.3,146.0,887.0,8.85,18.72,4.0
106.316,81.402,6.968,3.21,74.81,914.5,930.0,117.2,105.5,146.3,913.6,8.8,18.77,2.0
106.386,81.403,6.864,3.26,74.81,910.1,925.4,113.9,102.4,147.8,907.3,8.82,18.75,2.0
105.449,81.162,6.968,3.1807387701328254,74.81,886.9,938.2,120.5,107.8,147.6,922.3,8.59,18.75,1.0
